srna	mrna	rank	copra_pvalue	copra_fdr	energy	inta_pvalue	position_mrna	position_ncrna	interaction	position_seed_mrna	position_seed_ncrna	hybridization_energ	unfolding_energy_mrna	unfolding_energy_ncrna	
Cu-NCTC7910-sRNA-3	CKV68_RS10220	14	0.006714	0.6827	-9.25	0.105239	219 -- 225	59 -- 65	_____________218_____226\n_____________|_______|\n5'-CCC...AAGAA_______ACAGU...CAA-3'\n______________GCUCAAG\n______________|||||||\n______________CGAGUUC\n__________3'-A_______CUUGC...AUU-5'\n_____________|_______|\n_____________66______58\n	219 -- 225	59 -- 65	-11.5709	1.133	1.18584
Cu-NCTC7910-sRNA-3	CKV68_RS07555	15	0.007193	0.6827	-13.13	0.010044	47 -- 65	1 -- 18	_____________46__________________66\n_____________|___________________|\n5'-CAU...AGUAG__________GG_______AAGUU...ACC-3'\n______________GGGGGAGCGU__GAGGUAA\n______________||||:|:|||__|||:|||\n______________CCCCUUUGCA__CUCUAUU\n3'-ACG...CUGCA__________G________-5'\n_____________|__________________|\n_____________19_________________1\n	59 -- 65	1 -- 7	-25.4478	6.37752	5.93663
Cu-NCTC7910-sRNA-2	CKV68_RS08910	13	0.01695	0.8955	-8.50	0.022079	10 -- 17	1 -- 8	_____________9________18\n_____________|________|\n5'-GGA...CUCGC________ACCCC...UCG-3'\n______________UUUGAGCG\n______________|:||||||\n______________AGACUCGC\n3'-UCA...CAGCU________-5'\n_____________|_______|\n_____________9_______1\n	11 -- 17	1 -- 7	-10.8636	1.34204	1.02087
Cu-NCTC7910-sRNA-3	CKV68_RS01665	1	0.00004007	0.06023	-13.55	0.007398	98 -- 154	4 -- 60	_____________97___________________________________________________________155\n_____________|____________________________________________________________|\n5'-GCG...UGAAC__________GUU____A__AUU______U_____AC__C__ACA_____U_________CAUCC...UUU-3'\n______________AGGAGCGGAA_____GC_GG___CCGCAG_AACCG__UC_GA___GGGGA__CGUCGGGG\n______________||||:|||||_____||_||___||:|||_||||:__||_||___|||||__|||||:|:\n______________UCCUUGCCUU_____CG_CC___GGUGUC_UUGGU__AG_CU___CCCCU__GCAGCUCU\n_____3'-ACGAGU__________AGUAC_____AUC______U_________A__GCA_____UU________AUU-5'\n_____________|____________________________________________________________|\n_____________61___________________________________________________________3\n	100 -- 106	52 -- 58	-56.8206	22.2975	20.9722
Cu-NCTC7910-sRNA-3	CKV68_RS02895	2	0.000107	0.08042	-10.85	0.044230	265 -- 285	42 -- 66	_____________264_______________________286\n_____________|_________________________|\n5'-UAG...CCCUG_______A_________________AGUUG...CUC-3'\n______________UGCUCAG_GAACG____CAUGGCGG\n______________||||||:_|||||____||||||||\n______________ACGAGUU_CUUGC____GUACCGCC\n___________3'-_______C_____CUUA________AUCGG...AUU-5'\n______________|________________________|\n______________66_______________________41\n	278 -- 284	43 -- 49	-30.1166	8.45157	10.8186
Cu-NCTC7910-sRNA-3	CKV68_RS07260	3	0.0005654	0.2792	-10.64	0.049927	31 -- 50	35 -- 58	_____________30_______________________51\n_____________|________________________|\n5'-GAC...AGUGA______________GA________GUGGC...UGG-3'\n______________GAGCGGA____UGG__GUAGCCAC\n______________||:||||____|||__||||||||\n______________CUUGCCU____ACC__CAUCGGUG\n___3'-ACGAGUUC_______UAGU___GC________UCUUU...AUU-5'\n_____________|________________________|\n_____________59_______________________34\n	31 -- 37	52 -- 58	-28.6949	7.06332	10.9947
Cu-NCTC7910-sRNA-3	CKV68_RS10830	4	0.000743	0.2792	-11.41	0.031492	180 -- 217	28 -- 65	_____________179________________________________________218\n_____________|__________________________________________|\n5'-CGG...AUAGA__G_______U___UGAUUG______________________UCGUA...GUU-3'\n______________GU_UAAGGGA_CGG______CAUGGC___AGCCAU_GAAACC\n______________|:_:||||:|_|||______||||||___|||||:_||||||\n______________CG_GUUCCUU_GCC______GUACCG___UCGGUG_CUUUGG\n__________3'-A__A___________UUA_________CCA______U______UAGAC...AUU-5'\n_____________|__________________________________________|\n_____________66_________________________________________27\n	183 -- 189	56 -- 62	-37.4309	13.3214	12.6961
Cu-NCTC7910-sRNA-3	CKV68_RS02680	5	0.001334	0.3631	-11.75	0.025511	91 -- 125	31 -- 65	_____________90___________________________________126\n_____________|____________________________________|\n5'-AAG...AUCAA__A____A___A____AA__A________G______GAACC...CAG-3'\n______________GC_UGAG_AAU_GGGA__GU__CGGUAGC_AUGGAA\n______________||_::||_||:_||:|__:|__|||||||_|::|||\n______________CG_GUUC_UUG_CCUU__UA__GCCAUCG_UGUCUU\n__________3'-A__A____C________AG__CC_______G______UGGUA...AUU-5'\n_____________|____________________________________|\n_____________66___________________________________30\n	112 -- 118	38 -- 44	-28.1327	5.31906	11.0623
Cu-NCTC7910-sRNA-3	CKV68_RS06245	6	0.0019	0.3631	-17.32	0.000225	33 -- 97	5 -- 65	_____________32_________________________________________________________________________98\n_____________|__________________________________________________________________________|\n5'-GUG...GUAAG___A_______GAAU_______ACAG____UA____________________________CAGAAU________GCUCU...ACA-3'\n______________GCU_AAGGGGC____GGGGUCA____GGUG__GUGGUC_____GACCA___GACG_GGGG______GCGUCGAG\n______________|||_||||::|____||::|||____||:|__||:|:|_____:||||___||||_||||______:|||||||\n______________CGA_UUCCUUG____CCUUAGU____CCGC__CAUCGG_____UUGGU___CUGC_CCCC______UGCAGCUC\n__________3'-A___G__________________A_______________UGUCU_____AGA____A____UU____________UAUU-5'\n_____________|__________________________________________________________________________|\n_____________66_________________________________________________________________________4\n	91 -- 97	5 -- 11	-57.3774	19.0896	20.9728
Cu-NCTC7910-sRNA-3	CKV68_RS07245	7	0.002039	0.3631	-10.13	0.066339	104 -- 119	50 -- 65	_____________103______________120\n_____________|________________|\n5'-GUG...UCUCG______AU________GAUGA...AAG-3'\n______________GCUCAG__AACGGAAU\n______________|||||:__||||||||\n______________CGAGUU__UUGCCUUA\n__________3'-A______CC________GUACC...AUU-5'\n_____________|________________|\n_____________66_______________49\n	113 -- 119	50 -- 56	-17.9158	3.493	4.29312
Cu-NCTC7910-sRNA-3	CKV68_RS04755	8	0.002147	0.3631	-13.63	0.006982	41 -- 56	5 -- 20	_____________40_______________57\n_____________|________________|\n5'-GGG...UUGUG_______UCA______UAUUU...AAU-3'\n______________GUGGGGA___GUCGAG\n______________|||||||___||||||\n______________CACCCCU___CAGCUC\n3'-ACG...GACUG_______UUG______UAUU-5'\n_____________|________________|\n_____________21_______________4\n	41 -- 47	14 -- 20	-23.7079	4.04004	6.03986
Cu-NCTC7910-sRNA-3	CKV68_RS09135	9	0.002174	0.3631	-9.15	0.111024	57 -- 69	4 -- 19	_____________56_______________70\n_____________|________________|\n5'-ACA...GUGGU________________GUAAA...GCC-3'\n______________UGGGGA___GUCGGGG\n______________||||||___||||:|:\n______________ACCCCU___CAGCUCU\n3'-ACG...ACUGC______UUG_______AUU-5'\n_____________|________________|\n_____________20_______________3\n	63 -- 69	4 -- 10	-18.4809	3.39887	5.93676
Cu-NCTC7910-sRNA-3	CKV68_RS04400	10	0.002501	0.3758	-15.04	0.002226	126 -- 138	52 -- 65	_____________125____________139\n_____________|______________|\n5'-UAU...UUUUC______________UUAAA...CCG-3'\n______________GCUCA_GGAACGGA\n______________|||||_||||||||\n______________CGAGU_CCUUGCCU\n__________3'-A_____U________UAGUA...AUU-5'\n_____________|______________|\n_____________66_____________51\n	132 -- 138	52 -- 58	-22.7675	3.72109	4.00811
Cu-NCTC7910-sRNA-3	CKV68_RS03270	11	0.003497	0.4778	-6.11	0.398503	50 -- 61	55 -- 66	_____________49___________62\n_____________|____________|\n5'-UUU...GCACA___G________UAUUA...UCA-3'\n______________UGC_UAGGGAGC\n______________|||_:|:|||:|\n______________ACG_GUUCCUUG\n___________3'-___A________CCUUA...AUU-5'\n______________|___________|\n______________66__________54\n	55 -- 61	55 -- 61	-13.9402	6.06451	1.76594
Cu-NCTC7910-sRNA-3	CKV68_RS03905	12	0.003907	0.4893	-18.32	0.000064	180 -- 196	48 -- 64	_____________179_______________197\n_____________|_________________|\n5'-CUU...AUGAA_________________CAUCA...GUC-3'\n______________CUCAAGGAAUGGAAUCA\n______________|||||||||:|||||||\n______________GAGUUCCUUGCCUUAGU\n_________3'-AC_________________ACCGC...AUU-5'\n_____________|_________________|\n_____________65________________47\n	185 -- 191	53 -- 59	-27.8311	3.34717	6.16678
Cu-NCTC7910-sRNA-3	CKV68_RS08315	13	0.004813	0.5565	-12.14	0.019870	97 -- 107	52 -- 62	_____________96__________108\n_____________|___________|\n5'-GCG...CAGGG___________CACUU...AUC-3'\n______________CAGGGGAUGGA\n______________||:||:|:|||\n______________GUUCCUUGCCU\n_______3'-ACGA___________UAGUA...AUU-5'\n_____________|___________|\n_____________63__________51\n	100 -- 106	53 -- 59	-16.6513	0.511131	4.00086
Cu-NCTC7910-sRNA-2	CKV68_RS00030	1	0.0003637	0.3433	-9.40	0.011510	212 -- 258	1 -- 46	_____________211_______________________________________________259\n_____________|_________________________________________________|\n5'-UGU...AAUCC______C__ACC____AUCG_________U__C___A____________AGGUG...AAU-3'\n______________GAACUC_AC_____GC____UUUUGUGGC_GG_GCG_UCGAUUUGGGCG\n______________||||||_||_____||____|:|||::||_||_:||_|||||:||:|||\n______________CUUGAG_UG_____CG____AGAACGUCG_CC_UGC_AGCUAGACUCGC\n_______3'-UCAU______C__CUACU__ACG_____________U________________-5'\n_____________|________________________________________________|\n_____________47_______________________________________________1\n	252 -- 258	1 -- 7	-43.9934	16.0843	18.5139
Cu-NCTC7910-sRNA-2	CKV68_RS07510	2	0.003427	0.8955	-8.58	0.020860	109 -- 116	1 -- 8	_____________108______117\n_____________|________|\n5'-GCG...UAUGC________GCGAA...CAG-3'\n______________UCUGAGCG\n______________||||||||\n______________AGACUCGC\n3'-UCA...CAGCU________-5'\n_____________|_______|\n_____________9_______1\n	109 -- 115	2 -- 8	-12.3178	2.71642	1.02087
Cu-NCTC7910-sRNA-2	CKV68_RS08150	3	0.004361	0.8955	-7.60	0.041152	230 -- 237	1 -- 8	_____________229______238\n_____________|________|\n5'-UAG...GCAUU________GAAUC...CGU-3'\n______________UCUGGGCG\n______________||||:|||\n______________AGACUCGC\n3'-UCA...CAGCU________-5'\n_____________|_______|\n_____________9_______1\n	230 -- 236	2 -- 8	-12.5793	3.95745	1.02087
Cu-NCTC7910-sRNA-2	CKV68_RS03785	4	0.004753	0.8955	-9.94	0.007605	10 -- 16	1 -- 7	_____________9_______17\n_____________|_______|\n5'-AUA...GGUUG_______UAAGC...UGA-3'\n______________CUGAGCG\n______________|||||||\n______________GACUCGC\n3'-UCA...AGCUA_______-5'\n_____________|______|\n_____________8______1\n	10 -- 16	1 -- 7	-12.0556	1.10163	1.01164
Cu-NCTC7910-sRNA-2	CKV68_RS02995	5	0.00979	0.8955	-4.81	0.225996	281 -- 291	37 -- 47	_____________280_________292\n_____________|___________|\n5'-AAC...GGUAC___________GCGUG...CUG-3'\n______________AGAACUCGACG\n______________|||||||||||\n______________UCUUGAGCUGC\n________3'-UCA___________UACUC...CGC-5'\n_____________|___________|\n_____________48__________36\n	281 -- 287	41 -- 47	-17.8623	3.3754	9.67922
Cu-NCTC7910-sRNA-2	CKV68_RS04920	6	0.01034	0.8955	-4.58	0.254250	92 -- 99	43 -- 50	_____________91_______100\n_____________|________|\n5'-UGC...GACGC________GCCUG...AGG-3'\n______________AGUAGAAC\n______________||||||||\n______________UCAUCUUG\n___________3'-________AGCUG...CGC-5'\n______________|_______|\n______________50______42\n	92 -- 98	44 -- 50	-8.6645	3.05892	1.02134
Cu-NCTC7910-sRNA-2	CKV68_RS05295	7	0.01089	0.8955	-6.98	0.061899	228 -- 234	2 -- 8	_____________227_____235\n_____________|_______|\n5'-AGG...AGGGU_______AGGCC...GUG-3'\n______________UUUGAGC\n______________|:|||||\n______________AGACUCG\n3'-UCA...CAGCU_______C-5'\n_____________|_______|\n_____________9_______1\n	228 -- 234	2 -- 8	-8.8287	0.824699	1.02065
Cu-NCTC7910-sRNA-2	CKV68_RS00285	8	0.011	0.8955	-7.01	0.060781	90 -- 96	2 -- 8	_____________89______97\n_____________|_______|\n5'-AUC...GGUUU_______ACCUU...AGG-3'\n______________UCUGAGC\n______________|||||||\n______________AGACUCG\n3'-UCA...CAGCU_______C-5'\n_____________|_______|\n_____________9_______1\n	90 -- 96	2 -- 8	-11.352	3.31991	1.02065
Cu-NCTC7910-sRNA-2	CKV68_RS09295	9	0.01252	0.8955	-7.47	0.044907	78 -- 98	15 -- 34	_____________77____________________99\n_____________|_____________________|\n5'-CCA...ACGAG_____C___GG__________UCGGU...UCA-3'\n______________GAGCU_CUC__UGUAGCGGAA\n______________|||||_|||__||:|||||||\n______________CUCGA_GAG__ACGUCGCCUU\n3'-UCA...UGCUA_____C___A___________GCAGC...CGC-5'\n_____________|_____________________|\n_____________35____________________14\n	90 -- 96	17 -- 23	-27.7554	9.30333	10.9812
Cu-NCTC7910-sRNA-2	CKV68_RS00515	10	0.01382	0.8955	-7.12	0.056624	37 -- 44	2 -- 9	_____________36_______45\n_____________|________|\n5'-GCC...ACUUU________CAGUU...UAU-3'\n______________GUCUGGGC\n______________:||||:||\n______________UAGACUCG\n3'-UCA...GCAGC________C-5'\n_____________|________|\n_____________10_______1\n	37 -- 43	3 -- 9	-11.4738	2.10142	2.25215
Cu-NCTC7910-sRNA-2	CKV68_RS09065	11	0.01481	0.8955	-8.30	0.025437	210 -- 216	2 -- 8	_____________209_____217\n_____________|_______|\n5'-AUC...AUGUC_______UCCCU...UCG-3'\n______________UCUGAGC\n______________|||||||\n______________AGACUCG\n3'-UCA...CAGCU_______C-5'\n_____________|_______|\n_____________9_______1\n	210 -- 216	2 -- 8	-11.0341	1.71324	1.02065
Cu-NCTC7910-sRNA-2	CKV68_RS10300	12	0.01655	0.8955	-11.15	0.002917	124 -- 182	4 -- 48	_____________123____________________________________________________________183\n_____________|______________________________________________________________|\n5'-UUG...AUGGA_____________GC_____GAAGCAUAGCGUGGAA____C_____AC______________UGGCU...AAG-3'\n______________UGGAGCUUGGCGA__AGCUG________________CUUU_UGCAG____ACGU_GAUCUGA\n______________|:||:||:|:|||__|||||________________||:|_|||||____||||_|||||||\n______________AUCUUGAGCUGCU__UCGAC________________GAGA_ACGUC____UGCA_CUAGACU\n_________3'-UC_____________AC_______________________________GCCU____G_______CGC-5'\n_____________|______________________________________________________________|\n_____________49_____________________________________________________________3\n	176 -- 182	4 -- 10	-45.6781	16.0169	18.5138
Cu-NCTC7910-sRNA-2	CKV68_RS07155	14	0.017	0.8955	-7.95	0.032454	45 -- 51	2 -- 8	_____________44______52\n_____________|_______|\n5'-UGU...GCAUC_______UCGCU...AUC-3'\n______________UCUGAGC\n______________|||||||\n______________AGACUCG\n3'-UCA...CAGCU_______C-5'\n_____________|_______|\n_____________9_______1\n	45 -- 51	2 -- 8	-11.1752	2.20487	1.02065
Cu-NCTC7910-sRNA-2	CKV68_RS06605	15	0.01701	0.8955	-8.19	0.027395	286 -- 292	1 -- 7	_____________285_____293\n_____________|_______|\n5'-ACU...ACGUA_______GAUUCCAG-3'\n______________CUGGGCG\n______________|||:|||\n______________GACUCGC\n3'-UCA...AGCUA_______-5'\n_____________|______|\n_____________8______1\n	286 -- 292	1 -- 7	-11.7134	2.5076	1.01164
Cu-NCTC7910-sRNA-6	CKV68_RS05125	10	0.002501	0.3919	-12.27	0.168966	2 -- 19	33 -- 48	_____________1__________________20\n_____________|__________________|\n__________5'-A______AA__________GUAUG...AUC-3'\n______________GGGCUC__CGCAUACUCG\n______________||:|||__||||:||:||\n______________CCUGAG__GCGUGUGGGC\n________3'-UCC__________________GGUCU...ACG-5'\n_____________|__________________|\n_____________49_________________32\n	13 -- 19	33 -- 39	-24.0806	2.81217	8.99568
Cu-NCTC7910-sRNA-6	CKV68_RS00490	1	0.000245	0.2098	-18.20	0.012243	179 -- 225	2 -- 46	_____________178__________________________________________________226\n_____________|____________________________________________________|\n5'-CAC...GCGGU_____CGC___G_____________A________________GAACA_____AAUUA...AUU-3'\n______________GCUCC___GUA_ACUCGUC___GCU___UGGCUUUUGCUGCA_____UCCUG\n______________:||||___|:|_||:||:|___||:___||:|::||||||||_____|||||\n______________UGAGG___CGU_UGGGCGG___CGG___ACUGGGAACGACGU_____AGGAC\n______3'-UCCCC___________G_______UCU___GCG______________A_________G-5'\n_____________|____________________________________________________|\n_____________47___________________________________________________1\n	209 -- 215	8 -- 14	-48.3874	11.7801	18.4033
Cu-NCTC7910-sRNA-6	CKV68_RS04760	2	0.0002678	0.2098	-18.41	0.011030	229 -- 275	4 -- 46	_____________228______________________________________________276\n_____________|________________________________________________|\n5'-AAU...CAUGA_G_______________U___G_U_______CCGCC______GU____ACAAU...GCG-3'\n______________A_UCUGU_CGCCCGCCG_GGC_C_UUGAUCU_____GCUGCA__UUCC\n______________|_||:|:_|:||||||:_:||_|_:|||:|:_____||||||__||||\n______________U_AGGCG_GUGGGCGGU_UCG_G_GACUGGG_____CGACGU__AAGG\n______3'-UCCCC_G_____U_________C___G_C_______AA_______________ACG-5'\n_____________|________________________________________________|\n_____________47_______________________________________________3\n	238 -- 244	30 -- 36	-51.5178	14.7087	18.4033
Cu-NCTC7910-sRNA-6	CKV68_RS09185	3	0.000776	0.2381	-16.72	0.025545	5 -- 41	11 -- 45	_____________4_____________________________________42\n_____________|_____________________________________|\n_______5'-GCCC__A________AA_________AA__CUU___GA___UGGCA...UUC-3'\n______________CU_UCGUGCAC__UGCCGGAGC__GC___CCC__GCU\n______________||_:||::|||__:|||:||||__||___|||__|||\n______________GA_GGCGUGUG__GCGGUCUCG__CG___GGG__CGA\n_____3'-UCCCCU___________G__________GG__ACU___AA___CGUAA...ACG-5'\n_____________|_____________________________________|\n_____________46____________________________________10\n	19 -- 25	27 -- 33	-41.0922	8.82273	15.5492
Cu-NCTC7910-sRNA-6	CKV68_RS09365	4	0.0008247	0.2381	-21.26	0.002236	203 -- 243	16 -- 49	_____________202________________________________________244\n_____________|__________________________________________|\n5'-UGG...CUCAU__A__U__________AUACUCUCC_____C___________CACGA...AAA-3'\n______________GG_AC_UCUGCGCACC_________UCAGA_CCCGCU_ACCC\n______________||_||_||:||:||||_________:||||_||||||_||||\n______________CC_UG_AGGCGUGUGG_________GGUCU_GGGCGA_UGGG\n_________3'-UC__C_____________GC____________C______C____AACGA...ACG-5'\n_____________|__________________________________________|\n_____________50_________________________________________15\n	212 -- 218	35 -- 41	-43.1313	6.35121	15.5208
Cu-NCTC7910-sRNA-6	CKV68_RS07980	5	0.001084	0.2381	-20.30	0.003920	28 -- 71	4 -- 46	_____________27_______________________________________________72\n_____________|________________________________________________|\n5'-AUG...CGAAU________G__G____AA__________C___AC__CCCCA_______GCUUU...UGG-3'\n______________ACUUCGCA_AC_CCGU______CCGCUG_CCC__GC_____GCAUUCU\n______________|||:||||_||_|||:______||||||_|||__||_____||||||:\n______________UGAGGCGU_UG_GGCG______GGCGAC_GGG__CG_____CGUAAGG\n______3'-UCCCC________G_______GUCUCG______U___AA__A___________ACG-5'\n_____________|________________________________________________|\n_____________47_______________________________________________3\n	65 -- 71	4 -- 10	-46.0855	7.37893	18.4033
Cu-NCTC7910-sRNA-6	CKV68_RS02145	6	0.001123	0.2381	-21.50	0.001931	88 -- 127	4 -- 46	_____________87___________________________________________128\n_____________|____________________________________________|\n5'-AUG...CAAUC____AC__________UC___G____A___A_____________ACACG...AGG-3'\n______________ACUC__CAUACCCGCC____U_CGUU_AUC_UUUGCUGCA__CC\n______________||||__||:|||||||____:_||:|_|:|_:||||||||__||\n______________UGAG__GUGUGGGCGG____G_GCGA_UGG_GAACGACGU__GG\n______3'-UCCCC____GC__________UCUC_G____C_____________AA__ACG-5'\n_____________|____________________________________________|\n_____________47___________________________________________3\n	97 -- 103	31 -- 37	-46.7135	6.80844	18.4033
Cu-NCTC7910-sRNA-6	CKV68_RS07135	7	0.001175	0.2381	-17.86	0.014572	267 -- 298	16 -- 47	_____________266_______________________________299\n_____________|_________________________________|\n5'-AGA...AAGAC____G____________CUAC_____GAC____CU-3'\n______________GACU__GCGCGCCCGCC____CUCGC___ACCC\n______________||||__||:|:||||||____|:|||___||||\n______________CUGA__CGUGUGGGCGG____GGGCG___UGGG\n_______3'-UCCC____GG___________UCUC_____AC_____AACGA...ACG-5'\n_____________|_________________________________|\n_____________48________________________________15\n	276 -- 282	31 -- 37	-42.704	9.32174	15.5198
Cu-NCTC7910-sRNA-6	CKV68_RS06195	8	0.001215	0.2381	-18.37	0.011262	219 -- 253	16 -- 45	_____________218______________________________________254\n_____________|________________________________________|\n5'-AUG...AAAUC____UAUACUACAA__U_______________________CAAGG...GCC-3'\n______________CUCC__________GU_CACCC_CCA____UCGCUGACCC\n______________||||__________|:_|||||_|||____:|||||||||\n______________GAGG__________CG_GUGGG_GGU____GGCGACUGGG\n_____3'-UCCCCU________________U_____C___CUCG__________AACGA...ACG-5'\n_____________|________________________________________|\n_____________46_______________________________________15\n	246 -- 252	17 -- 23	-36.2793	2.39513	15.5184
Cu-NCTC7910-sRNA-6	CKV68_RS06760	9	0.00139	0.242	-19.71	0.005471	4 -- 32	14 -- 42	_____________3_____________________________33\n_____________|_____________________________|\n________5'-CAA_____UA_______CC_____ACU_____AUUAG...UGA-3'\n______________CGCAU__CUGCCAG__CCCGC___CCUUU\n______________||||:__|:|||||__|||||___||:||\n______________GCGUG__GGCGGUC__GGGCG___GGGAA\n3'-UCC...CUGAG_____UG_______UC_____ACU_____CGACG...ACG-5'\n_____________|_____________________________|\n_____________43____________________________13\n	11 -- 17	29 -- 35	-37.8158	2.61432	15.4896
Cu-NCTC7910-sRNA-6	CKV68_RS09230	11	0.003342	0.4761	-14.21	0.078819	255 -- 298	12 -- 47	_____________254____________________________________________299\n_____________|______________________________________________|\n5'-UCA...AUAAC___GA___AAUCGAUGA___C_______U____G_______GAC__CC-3'\n______________GAC__CCG_________CAC_CCCGCUA___CC_GCUGAUC___GC\n______________|||__|||_________|||_|||||:|___||_|||||:|___||\n______________CUG__GGC_________GUG_GGGCGGU___GG_CGACUGG___CG\n_______3'-UCCC___A________________U_______CUC__G_______GAA__ACGUA...ACG-5'\n_____________|______________________________________________|\n_____________48_____________________________________________11\n	276 -- 282	30 -- 36	-38.4871	8.73025	15.5506
Cu-NCTC7910-sRNA-6	CKV68_RS04745	12	0.003976	0.5192	-25.03	0.000176	227 -- 284	1 -- 50	_____________226__________________________________________________________285\n_____________|____________________________________________________________|\n5'-GCG...CGCGU_______GCCA__________A___AAUC_A____G__AA__________G__AG_____CUACU...GCC-3'\n______________GGGGAUU____CCG_ACGCCC_CCA____G_AGCU_GC__ACCC_UGCUG_AU__CCUGC\n______________|||||:|____|||_||:|||_|||____|_|||:_||__||||_|||||_||__|||||\n______________CCCCUGA____GGC_UGUGGG_GGU____C_UCGG_CG__UGGG_ACGAC_UA__GGACG\n__________3'-U______________G______C_____________G__AC____A_____G__A______-5'\n_____________|___________________________________________________________|\n_____________51__________________________________________________________1\n	227 -- 233	44 -- 50	-62.5653	19.1349	18.4033
Cu-NCTC7910-sRNA-6	CKV68_RS03135	13	0.005282	0.6367	-16.53	0.027927	255 -- 280	17 -- 47	_____________254_____________________________281\n_____________|_______________________________|\n5'-GAC...AAAUC___GG__________________________GGGUG...UUC-3'\n______________GAC__CG_ACACCC_CC___GCCCGCUGGCC\n______________|||__||_||||||_||___||||||||:||\n______________CUG__GC_UGUGGG_GG___CGGGCGACUGG\n_______3'-UCCC___AG__G______C__UCU___________GAACG...ACG-5'\n_____________|_______________________________|\n_____________48______________________________16\n	272 -- 278	19 -- 25	-43.5381	11.4865	15.5188
Cu-NCTC7910-sRNA-6	CKV68_RS01820	14	0.006679	0.7187	-17.44	0.017990	42 -- 93	2 -- 47	_____________41______________________________________________________94\n_____________|_______________________________________________________|\n5'-ACU...CCUGC______A___CGAAA___A____UAAU_______UA_________UAA_______AAUCG...ACG-3'\n______________GACUUC_CAU_____GCU__CCA____CCUGCUG____UUGCUGU___AUUCCUG\n______________||||:|_||:_____:|:__|||____||:||||____||||||:___|||||||\n______________CUGAGG_GUG_____UGG__GGU____GGGCGAC____AACGACG___UAAGGAC\n_______3'-UCCC______C___________GC___CUC________UGGG_________________G-5'\n_____________|_______________________________________________________|\n_____________48______________________________________________________1\n	77 -- 83	9 -- 15	-43.8033	7.95882	18.4033
Cu-NCTC7910-sRNA-6	CKV68_RS02740	15	0.008267	0.7187	-16.16	0.033261	96 -- 153	1 -- 49	_____________95__________________________________________________________154\n_____________|___________________________________________________________|\n5'-GGC...ACCAA_____CUA____________A___AAA____C____A__ACACC_C______AA_____CACGC...AAG-3'\n______________GGGAU___GC_UACCUGCUA_GGU___UCGC_GGCC_CU_____G_CUGCAU__UCUGC\n______________||||:___||_:|||:||:|_:|:___:|||_|:||_||_____|_||||||__:||||\n______________CCCUG___CG_GUGGGCGGU_UCG___GGCG_CUGG_GA_____C_GACGUA__GGACG\n_________3'-UC_____AGG__U_________C__________A_______A____________A______-5'\n_____________|__________________________________________________________|\n_____________50_________________________________________________________1\n	108 -- 114	30 -- 36	-49.3245	14.7612	18.4033
Cu-NCTC7910-sRNA-5	CKV68_RS02255	1	0.0003082	0.2507	-10.31	0.207514	121 -- 130	47 -- 55	_____________120________131\n_____________|__________|\n5'-UUU...GAAUC_______U__AGAAC...GUA-3'\n______________GAGAUGC_GC\n______________||||:||_||\n______________CUCUGCG_CG\n______3'-UGUCC__________AGCGC...GCG-5'\n_____________|__________|\n_____________56_________46\n	121 -- 127	49 -- 55	-13.3903	2.1275	0.954655
Cu-NCTC7910-sRNA-5	CKV68_RS03680	2	0.0003413	0.2507	-8.65	0.359351	144 -- 150	48 -- 54	_____________143_____151\n_____________|_______|\n5'-GCG...UUGAA_______AAGGG...CAG-3'\n______________AGACGUG\n______________|||||:|\n______________UCUGCGC\n_____3'-UGUCCC_______GAGCG...GCG-5'\n_____________|_______|\n_____________55______47\n	144 -- 150	48 -- 54	-10.3457	0.747333	0.943579
Cu-NCTC7910-sRNA-5	CKV68_RS09820	3	0.0007475	0.366	-14.31	0.029203	49 -- 64	39 -- 60	_____________48_____________________65\n_____________|______________________|\n5'-UCG...AGCAG______________________GGCCA...CUU-3'\n______________ACAGGG______GCUCGUGGUU\n______________||||||______|||||:|||:\n______________UGUCCC______CGAGCGCCAG\n___________3'-______UCUGCG__________CUCUA...GCG-5'\n______________|_____________________|\n______________60____________________38\n	58 -- 64	39 -- 45	-24.8389	4.99035	5.54336
Cu-NCTC7910-sRNA-5	CKV68_RS04255	4	0.001414	0.491	-11.35	0.136621	216 -- 277	1 -- 60	_____________215_______________________________________________________________278\n_____________|_________________________________________________________________|\n5'-AAA...CAUCA____AUAU____A________CAA__C_______CG___A_______C___C________U____AGCAC...UCG-3'\n______________ACAG____GCGU_GCUUGUGG___CG__AUCGAC__CGA_GACCUCG_GCG___ACCUUA_UCGU\n______________||||____:||:_|||:|:||___||__|||:||__|||_:|||||:_:||___||||:|_|||:\n______________UGUC____UGCG_CGAGCGCC___GC__UAGUUG__GCU_UUGGAGU_UGC___UGGAGU_AGCG\n___________3'-____CCUC_____________A____UC______CA___C___________CAU___________-5'\n______________|_______________________________________________________________|\n______________60______________________________________________________________1\n	230 -- 236	41 -- 47	-52.8464	19.4727	22.0222
Cu-NCTC7910-sRNA-5	CKV68_RS03900	5	0.001901	0.491	-18.84	0.000349	58 -- 70	48 -- 60	_____________57____________71\n_____________|_____________|\n5'-GAC...GACUA_________G___GGCUC...AGA-3'\n______________ACAGGGGGA_GCG\n______________||||||:||_|||\n______________UGUCCCUCU_CGC\n___________3'-_________G___GAGCG...GCG-5'\n______________|____________|\n______________60___________47\n	60 -- 66	52 -- 58	-23.1544	3.353	0.957497
Cu-NCTC7910-sRNA-5	CKV68_RS01515	6	0.002436	0.491	-20.10	0.000026	48 -- 62	45 -- 60	_____________47_______________63\n_____________|________________|\n5'-CUU...GGCCU________________UACUG...GGC-3'\n______________GCAGGGAGAC_CGCUC\n______________:|||||||||_|||||\n______________UGUCCCUCUG_GCGAG\n___________3'-__________C_____CGCCA...GCG-5'\n______________|_______________|\n______________60______________44\n	51 -- 57	51 -- 57	-27.77	6.70771	0.957692
Cu-NCTC7910-sRNA-5	CKV68_RS11155	7	0.002457	0.491	-14.45	0.026580	184 -- 192	50 -- 58	_____________183_______193\n_____________|_________|\n5'-AUC...AAAGA_________AAAGA...CCA-3'\n______________AGGGAGGCG\n______________||||||:||\n______________UCCCUCUGC\n_________3'-UG_________GCGAG...GCG-5'\n_____________|_________|\n_____________59________49\n	184 -- 190	52 -- 58	-17.2735	1.87298	0.947962
Cu-NCTC7910-sRNA-5	CKV68_RS05460	8	0.00298	0.491	-15.07	0.017569	199 -- 211	47 -- 60	_____________198____________212\n_____________|______________|\n5'-UUU...ACAUC___U__________AGUAG...CCC-3'\n______________ACA_GG_GACGCGC\n______________|||_||_|||||||\n______________UGU_CC_CUGCGCG\n___________3'-___C__U_______AGCGC...GCG-5'\n______________|_____________|\n______________60____________46\n	205 -- 211	47 -- 53	-19.1285	3.1056	0.957511
Cu-NCTC7910-sRNA-5	CKV68_RS05285	9	0.003008	0.491	-15.86	0.009626	172 -- 185	47 -- 60	_____________171____________186\n_____________|______________|\n5'-GGC...GUUGA___U__________GCUAG...CAG-3'\n______________ACA_GGAGAUGCGC\n______________|||_|||||:||||\n______________UGU_CCUCUGCGCG\n___________3'-___C__________AGCGC...GCG-5'\n______________|_____________|\n______________60____________46\n	177 -- 183	49 -- 55	-21.1215	4.30006	0.957511
Cu-NCTC7910-sRNA-5	CKV68_RS00250	10	0.00372	0.5464	-14.03	0.034743	93 -- 105	47 -- 60	_____________92_____________106\n_____________|______________|\n5'-AUC...CAAGA______________AUGCC...CCA-3'\n______________ACAGGGGGAUG_GU\n______________||||||:||:|_|:\n______________UGUCCCUCUGC_CG\n___________3'-___________G__AGCGC...GCG-5'\n______________|_____________|\n______________60____________46\n	97 -- 103	50 -- 56	-19.8912	4.90869	0.957511
Cu-NCTC7910-sRNA-5	CKV68_RS06500	11	0.007224	0.7957	-19.46	0.000115	186 -- 197	47 -- 58	_____________185__________198\n_____________|____________|\n5'-GAU...AAAUA____________GAUAU...CAC-3'\n______________AGGGAGGCGUGC\n______________||||||:||:||\n______________UCCCUCUGCGCG\n_________3'-UG____________AGCGC...GCG-5'\n_____________|____________|\n_____________59___________46\n	188 -- 194	50 -- 56	-23.9697	3.5489	0.957441
Cu-NCTC7910-sRNA-5	CKV68_RS09000	12	0.007309	0.7957	-18.14	0.000957	105 -- 174	1 -- 58	_____________104_________________________________________________________________________175\n_____________|___________________________________________________________________________|\n5'-GCG...AUCCU____C_UGUGAA_______G________C_UG___AUUCAUAAUU___________GA__________AU_____AUGCC...UCA-3'\n______________GGGG_G______GCGCGCU_GCGGU_GA_G__CAG__________CGUCGGGAACU_____GGUAGCC___UCGC\n______________:|||_|______:||||||_|||||_||_|__||:__________|||||:||||:_____||||:||___||||\n______________UCCC_C______UGCGCGA_CGCCA_CU_C__GUU__________GCAGCUCUUGG_____CCAUUGG___AGCG\n_________3'-UG____U______________G_____G____UA________________________AGUUG_______AGU____-5'\n_____________|__________________________________________________________________________|\n_____________59_________________________________________________________________________1\n	162 -- 168	8 -- 14	-63.5566	23.3917	22.0222
Cu-NCTC7910-sRNA-5	CKV68_RS07135	13	0.007339	0.7957	-13.49	0.047653	179 -- 196	45 -- 60	_____________178________________197\n_____________|__________________|\n5'-AGA...CAAUC___AA_____U_______CCGCA...CCU-3'\n______________GCA__GGAGG_CGCGCUC\n______________:||__||||:_|||||||\n______________UGU__CCUCU_GCGCGAG\n___________3'-___C______________CGCCA...GCG-5'\n______________|_________________|\n______________60________________44\n	190 -- 196	45 -- 51	-21.3922	6.94853	0.957692
Cu-NCTC7910-sRNA-5	CKV68_RS08180	14	0.007584	0.7957	-10.23	0.213477	117 -- 138	41 -- 59	_____________116______________________139\n_____________|________________________|\n5'-AAA...CCACC____AA__AAC_____________AAAAA...CUG-3'\n______________UAGG__GA___GACGCGC_C_CGG\n______________:|||__||___|||||||_|_|||\n______________GUCC__CU___CUGCGCG_G_GCC\n__________3'-U__________________A_C___AGCUC...GCG-5'\n_____________|________________________|\n_____________60_______________________40\n	128 -- 134	47 -- 53	-20.4608	4.9861	5.24287
Cu-NCTC7910-sRNA-5	CKV68_RS05690	15	0.009168	0.8455	-13.69	0.042495	119 -- 143	40 -- 58	_____________118_______________________144\n_____________|_________________________|\n5'-AGA...AGUUG_______AAGUUU_____G______GGGUA...UUG-3'\n______________GGGGAGG______CGCGU_CGCGGU\n______________:|||||:______||||:_||||||\n______________UCCCUCU______GCGCG_GCGCCA\n_________3'-UG__________________A______GCUCU...GCG-5'\n_____________|_________________________|\n_____________59________________________39\n	119 -- 125	52 -- 58	-29.1351	10.2039	5.24519
Cu-NCTC7910-sRNA-4	CKV68_RS10105	1	0	0	-15.94	0.034982	114 -- 151	55 -- 98	_____________113__________________________________________152\n_____________|____________________________________________|\n5'-AGU...UCGAU_____AA____A________A___CCUAAAA_____________ACGUC...GGG-3'\n______________CGGAA__AGAA___AGGACG__AG_________AACGGGG_GUG\n______________|||||__||||___||||||__||_________|||||||_|||\n______________GCCUU__UCUU___UCCUGC__UC_________UUGCCCC_CAC\n__________3'-C_____CA____GAC______CA__AACAGCUUC_______A___CGCCG...CAC-5'\n_____________|____________________________________________|\n_____________99___________________________________________54\n	142 -- 148	59 -- 65	-30.944	8.15248	6.85073
Cu-NCTC7910-sRNA-4	CKV68_RS05410	2	0.0001683	0.07146	-15.51	0.042734	28 -- 67	53 -- 97	_____________27________________________________________________68\n_____________|_________________________________________________|\n5'-UUG...GACAG___U_____U_________CC__A___________A________AG___UGUCG...CAA-3'\n______________GGA_GUGGG_GCU_AGGGC__GG_________AAG_AAUGGGGU__GGC\n______________|||_||:|:_:||_|||:|__||_________|||_||:|||||__|||\n______________CCU_CAUCU_UGA_UCCUG__CC_________UUC_UUGCCCCA__CCG\n_________3'-CG___U_________C_________AUCAACAGC____________CA___CCGGC...CAC-5'\n_____________|_________________________________________________|\n_____________98________________________________________________52\n	55 -- 61	59 -- 65	-34.7388	12.0679	7.16075
Cu-NCTC7910-sRNA-4	CKV68_RS02470	3	0.0001751	0.07146	-16.78	0.023376	231 -- 274	53 -- 99	_____________230_____________________________________________275\n_____________|_______________________________________________|\n5'-UGA...AUGAG__U____________UC___U___UCG______UAC____AC_____UAGCC...AGA-3'\n______________GC_GAGGUAGAGCUG___AC_GUA_____CGAG___CGGG__GUGGU\n______________||_||:|||||:|||___||_|||_____|||:___||||__||||:\n______________CG_CUUCAUCUUGAC___UG_CAU_____GCUU___GCCC__CACCG\n___________3'-__C____________UCC__C___CAACA____CUU____CA_____CCGGC...CAC-5'\n______________|______________________________________________|\n______________99_____________________________________________52\n	235 -- 241	89 -- 95	-38.8345	14.897	7.1617
Cu-NCTC7910-sRNA-4	CKV68_RS05090	4	0.0002195	0.07146	-20.43	0.003079	32 -- 56	75 -- 99	_____________31________________________57\n_____________|_________________________|\n5'-GGG...CUUUG___C___A________A________CUAAU...UUG-3'\n______________GUG_AAG_AGAACUGG_GACGGUGG\n______________|:|_|||_|||||||:_||||||:|\n______________CGC_UUC_UCUUGACU_CUGCCAUC\n___________3'-___C___A________C________AACAG...CAC-5'\n______________|________________________|\n______________99_______________________74\n	40 -- 46	85 -- 91	-28.798	6.48581	1.88381
Cu-NCTC7910-sRNA-4	CKV68_RS09390	5	0.0002221	0.07146	-19.45	0.005538	174 -- 192	52 -- 70	_____________173__________________193\n_____________|____________________|\n5'-GAC...AUCAA_______A__A_________UGGAA...UGU-3'\n______________CGAGGAG_GG_GG_GUGGCG\n______________|||:||:_||_||_||||||\n______________GCUUCUU_CC_CC_CACCGC\n3'-CGC...CAACA_______G_____A______CGGCG...CAC-5'\n_____________|____________________|\n_____________71___________________51\n	174 -- 180	64 -- 70	-27.3347	5.26184	2.61806
Cu-NCTC7910-sRNA-4	CKV68_RS00285	6	0.0003682	0.09874	-13.98	0.083394	149 -- 165	53 -- 72	_____________148__________________166\n_____________|____________________|\n5'-AUC...GCGCA____________________ACACA...AGG-3'\n______________GUUGAGGGGC__GGUG_GGC\n______________||:||:|::|__||||_|||\n______________CAGCUUCUUG__CCAC_CCG\n3'-CGC...AUCAA__________CC____A___CCGGC...CAC-5'\n_____________|____________________|\n_____________73___________________52\n	150 -- 156	65 -- 71	-24.2579	7.66112	2.61455
Cu-NCTC7910-sRNA-4	CKV68_RS09705	7	0.0006919	0.159	-15.24	0.048217	61 -- 78	55 -- 72	_____________60__________________79\n_____________|___________________|\n5'-GAU...UCAAA_______C___C_______ACCUG...UAG-3'\n______________GUUGAAG__CG_GGGUGUG\n______________||:||||__||_|||||||\n______________CAGCUUC__GC_CCCACAC\n3'-CGC...AUCAA_______UU__________CGCCG...CAC-5'\n_____________|___________________|\n_____________73__________________54\n	61 -- 67	66 -- 72	-23.9786	6.22552	2.50829
Cu-NCTC7910-sRNA-4	CKV68_RS03175	8	0.001554	0.3126	-20.48	0.002983	54 -- 76	78 -- 99	_____________53______________________77\n_____________|_______________________|\n5'-GUA...UGUCG_____U________A________CUAAA...UGG-3'\n______________GUGGA_GUGGGGCU_GGGGAUGG\n______________|:|||_||:|::||_|:|||:||\n______________CGCCU_CAUCUUGA_CUCCUGCC\n___________3'-_____U_________________AUCAA...CAC-5'\n______________|______________________|\n______________99_____________________77\n	70 -- 76	78 -- 84	-31.3705	9.10249	1.78872
Cu-NCTC7910-sRNA-4	CKV68_RS10635	9	0.002596	0.4642	-24.22	0.000201	40 -- 78	53 -- 99	_____________39_______________________________________________79\n_____________|________________________________________________|\n5'-CCG...CGCGU_______GG__________________________C__UU____A___UACCA...CGA-3'\n______________GCGGAGG_______GAGGACG__AGU__UUGAAGA_AC__GGUG_GGC\n______________|||||:|_______|||||||__|||__|:|||||_||__||||_|||\n______________CGCCUUC_______CUCCUGC__UCA__AGCUUCU_UG__CCAC_CCG\n___________3'-_______AUCUUGA_______CA___AC__________CC____A___CCGGC...CAC-5'\n______________|_______________________________________________|\n______________99______________________________________________52\n	59 -- 65	65 -- 71	-40.4306	9.04474	7.1617
Cu-NCTC7910-sRNA-4	CKV68_RS05710	10	0.002893	0.4655	-17.02	0.020713	252 -- 282	62 -- 96	_____________251_________________________________283\n_____________|___________________________________|\n5'-CCC...AGAAU______UU_____AU____A_______________UAGAG...CGG-3'\n______________GAAGUA__GCUGA___UGG___UUG_CGGAGAAUG\n______________||||||__:||||___:||___|||_||:||||:|\n______________CUUCAU__UGACU___GCC___AAC_GCUUCUUGC\n________3'-CGC______CU_____CCU___AUC___A_________CCCAC...CAC-5'\n_____________|___________________________________|\n_____________97__________________________________61\n	276 -- 282	62 -- 68	-26.6598	4.70037	4.94091
Cu-NCTC7910-sRNA-4	CKV68_RS03370	11	0.003212	0.4663	-19.46	0.005515	7 -- 37	76 -- 99	_____________6_______________________________38\n_____________|_______________________________|\n_____5'-GCGAUC____U__GA______UUUUUA__________AAGAA...AUC-3'\n______________GCGG_GG__AGAGCU______GGGGACGGUG\n______________||||_:|__|||:||______|:|||||||:\n______________CGCC_UC__UCUUGA______CUCCUGCCAU\n___________3'-____U__A_______________________CAACA...CAC-5'\n______________|______________________________|\n______________99_____________________________75\n	31 -- 37	76 -- 82	-30.2225	8.88546	1.87521
Cu-NCTC7910-sRNA-4	CKV68_RS08790	12	0.003527	0.4663	-18.70	0.008521	192 -- 233	58 -- 99	_____________191__________________________________________234\n_____________|____________________________________________|\n5'-UAA...GGAAU_______C__U____A____A__CGCAA_______U___A____CGUAU...UUG-3'\n______________GUGGAGG_UA_GGCU_AGGA_GG______UCGAGG__UG_GGGU\n______________|:|||:|_||_::||_||||_||______||||:|__:|_||||\n______________CGCCUUC_AU_UUGA_UCCU_CC______AGCUUC__GC_CCCA\n___________3'-__________C____C____G__AUCAAC______UU_______CACCG...CAC-5'\n______________|___________________________________________|\n______________99__________________________________________57\n	192 -- 198	93 -- 99	-32.369	8.65572	5.01462
Cu-NCTC7910-sRNA-4	CKV68_RS00790	13	0.003917	0.4663	-16.93	0.021644	269 -- 294	51 -- 76	_____________268_________________________295\n_____________|___________________________|\n5'-UAU...AGCCG__GG____UU_______C__C__U___AAAUAG-3'\n______________AG__GUUG__GAACGGG__G_GG_CGG\n______________||__||:|__|||||||__|_||_|||\n______________UC__CAGC__CUUGCCC__C_CC_GCC\n3'-CGC...UGCCA__AA____UU_______CA_A______GGCGG...CAC-5'\n_____________|___________________________|\n_____________77__________________________50\n	279 -- 285	60 -- 66	-26.8811	7.32957	2.6209
Cu-NCTC7910-sRNA-4	CKV68_RS01310	14	0.004082	0.4663	-13.84	0.088437	178 -- 194	81 -- 98	_____________177________________195\n_____________|__________________|\n5'-CGC...UUAAC___UC_____________GUUAA...UGG-3'\n______________CGG__GU_GAGCUGAGGA\n______________|||__||_||:|||||||\n______________GCC__CA_CUUGACUCCU\n__________3'-C___UU__U__________GCCAU...CAC-5'\n_____________|__________________|\n_____________99_________________80\n	187 -- 193	82 -- 88	-21.777	6.2486	1.68781
Cu-NCTC7910-sRNA-4	CKV68_RS07390	15	0.004347	0.4663	-12.97	0.125228	128 -- 153	53 -- 76	_____________127________________________154\n_____________|__________________________|\n5'-CAU...UUAGC_______UCCGUU____U_____U__UUUGC...GGG-3'\n______________AGUUGUU______GCGG_GGUGU_GC\n______________||||||:______:|||_|||||_||\n______________UCAACAG______UGCC_CCACA_CG\n3'-CGC...UGCCA_______CUUCU___________C__CCGGC...CAC-5'\n_____________|__________________________|\n_____________77_________________________52\n	128 -- 134	70 -- 76	-23.3797	7.79057	2.61682
