Operon,Orientation,Genes
>OP_DQN65_RS02695,+,DQN65_RS02695,DQN65_RS02700
>OP_DQN65_RS11155,+,DQN65_RS11155,DQN65_RS11160
>OP_DQN65_RS06915,-,DQN65_RS06915,DQN65_RS06910
>OP_DQN65_RS08855,-,DQN65_RS08855,DQN65_RS08850,DQN65_RS08845
>OP_DQN65_RS06195,-,DQN65_RS06195,DQN65_RS06190,DQN65_RS06185,DQN65_RS06180
>OP_DQN65_RS09205,-,DQN65_RS09205,DQN65_RS09200,DQN65_RS09195,DQN65_RS09190
>OP_DQN65_RS10450,-,DQN65_RS10450,DQN65_RS10445,DQN65_RS10440
>OP_DQN65_RS00255,+,DQN65_RS00255,DQN65_RS00260,DQN65_RS00265
>OP_DQN65_RS10935,-,DQN65_RS10935,DQN65_RS10930
>OP_DQN65_RS05230,-,DQN65_RS05230,DQN65_RS05225,DQN65_RS05220
>OP_DQN65_RS12085,+,DQN65_RS12085,DQN65_RS12090,DQN65_RS12095,DQN65_RS12100
>OP_DQN65_RS05905,-,DQN65_RS05905,DQN65_RS05900,DQN65_RS05895,DQN65_RS05890
>OP_DQN65_RS10370,-,DQN65_RS10370,DQN65_RS10365
>OP_DQN65_RS01540,-,DQN65_RS01540,DQN65_RS01535,DQN65_RS01530
>OP_DQN65_RS04405,-,DQN65_RS04405,DQN65_RS04400
>OP_DQN65_RS05520,+,DQN65_RS05520,DQN65_RS05525,DQN65_RS05530,DQN65_RS05535,DQN65_RS05540
>OP_DQN65_RS12400,+,DQN65_RS12400,DQN65_RS12405,DQN65_RS12410,DQN65_RS12415
>OP_DQN65_RS11870,-,DQN65_RS11870,DQN65_RS11865
>OP_DQN65_RS01585,+,DQN65_RS01585,DQN65_RS01590,DQN65_RS01595,DQN65_RS01600,DQN65_RS01605,DQN65_RS01610,DQN65_RS01615,DQN65_RS01620,DQN65_RS01625,DQN65_RS01630,DQN65_RS01635,DQN65_RS01640,DQN65_RS01645
>OP_DQN65_RS09375,+,DQN65_RS09375,DQN65_RS09380,DQN65_RS09385
>OP_DQN65_RS09975,-,DQN65_RS09975,DQN65_RS09970
>OP_DQN65_RS06705,-,DQN65_RS06705,DQN65_RS06700,DQN65_RS06695,DQN65_RS06690
>OP_DQN65_RS08185,+,DQN65_RS08185,DQN65_RS08190,DQN65_RS08195
>OP_DQN65_RS07900,+,DQN65_RS07900,DQN65_RS07905
>OP_DQN65_RS00815,+,DQN65_RS00815,DQN65_RS00820,DQN65_RS00825
>OP_DQN65_RS08560,+,DQN65_RS08560,DQN65_RS08565,DQN65_RS08570
>OP_DQN65_RS10565,+,DQN65_RS10565,DQN65_RS10570
>OP_DQN65_RS07800,+,DQN65_RS07800,DQN65_RS07805
>OP_DQN65_RS08670,-,DQN65_RS08670,DQN65_RS08665
>OP_DQN65_RS08145,+,DQN65_RS08145,DQN65_RS08150,DQN65_RS08155
>OP_DQN65_RS09110,-,DQN65_RS09110,DQN65_RS09105
>OP_DQN65_RS04475,+,DQN65_RS04475,DQN65_RS04480,DQN65_RS04485
>OP_DQN65_RS09835,+,DQN65_RS09835,DQN65_RS09840,DQN65_RS09845,DQN65_RS09850
>OP_DQN65_RS02350,+,DQN65_RS02350,DQN65_RS02355,DQN65_RS02360
>OP_DQN65_RS03825,-,DQN65_RS03825,DQN65_RS03820
>OP_DQN65_RS07215,-,DQN65_RS07215,DQN65_RS07210,DQN65_RS07205
>OP_DQN65_RS01850,-,DQN65_RS01850,DQN65_RS01845,DQN65_RS01840,DQN65_RS01835
>OP_DQN65_RS09560,-,DQN65_RS09560,DQN65_RS09555
>OP_DQN65_RS07475,+,DQN65_RS07475,DQN65_RS07480
>OP_DQN65_RS04585,+,DQN65_RS04585,DQN65_RS04590
>OP_DQN65_RS04495,+,DQN65_RS04495,DQN65_RS04500,DQN65_RS04505,DQN65_RS04510
>OP_DQN65_RS09520,-,DQN65_RS09520,DQN65_RS09515
>OP_DQN65_RS05305,+,DQN65_RS05305,DQN65_RS05310,DQN65_RS05315,DQN65_RS05320,DQN65_RS05325
>OP_DQN65_RS10520,-,DQN65_RS10520,DQN65_RS10515,DQN65_RS10510,DQN65_RS10505,DQN65_RS10500,DQN65_RS10495
>OP_DQN65_RS07145,-,DQN65_RS07145,DQN65_RS07140
>OP_DQN65_RS04075,-,DQN65_RS04075,DQN65_RS04070,DQN65_RS04065,DQN65_RS04060
>OP_DQN65_RS04835,-,DQN65_RS04835,DQN65_RS04830
>OP_DQN65_RS02405,+,DQN65_RS02405,DQN65_RS02410,DQN65_RS02415,DQN65_RS02420
>OP_DQN65_RS02580,+,DQN65_RS02580,DQN65_RS02585,DQN65_RS02590,DQN65_RS02595,DQN65_RS02600,DQN65_RS02605
>OP_DQN65_RS03880,+,DQN65_RS03880,DQN65_RS03885,DQN65_RS03890
>OP_DQN65_RS08810,-,DQN65_RS08810,DQN65_RS08805
>OP_DQN65_RS05940,+,DQN65_RS05940,DQN65_RS05945
>OP_DQN65_RS12500,+,DQN65_RS12500,DQN65_RS12505
>OP_DQN65_RS10970,+,DQN65_RS10970,DQN65_RS10975,DQN65_RS10980
>OP_DQN65_RS10625,-,DQN65_RS10625,DQN65_RS10620,DQN65_RS10615,DQN65_RS10610,DQN65_RS10605,DQN65_RS10600,DQN65_RS10595,DQN65_RS10590,DQN65_RS10585,DQN65_RS10580,DQN65_RS10575
>OP_DQN65_RS07465,+,DQN65_RS07465,DQN65_RS07470
>OP_DQN65_RS06385,+,DQN65_RS06385,DQN65_RS06390
>OP_DQN65_RS07410,-,DQN65_RS07410,DQN65_RS07405,DQN65_RS07400,DQN65_RS07395,DQN65_RS07390
>OP_DQN65_RS10080,+,DQN65_RS10080,DQN65_RS10085
>OP_DQN65_RS09720,+,DQN65_RS09720,DQN65_RS09725
>OP_DQN65_RS11595,-,DQN65_RS11595,DQN65_RS11590,DQN65_RS11585,DQN65_RS11580
>OP_DQN65_RS11935,+,DQN65_RS11935,DQN65_RS11940,DQN65_RS11945,DQN65_RS11950
>OP_DQN65_RS08695,+,DQN65_RS08695,DQN65_RS08700
>OP_DQN65_RS05190,+,DQN65_RS05190,DQN65_RS05195
>OP_DQN65_RS00420,-,DQN65_RS00420,DQN65_RS00415,DQN65_RS00410
>OP_DQN65_RS07130,+,DQN65_RS07130,DQN65_RS07135
>OP_DQN65_RS05820,+,DQN65_RS05820,DQN65_RS05825,DQN65_RS05830,DQN65_RS05835,DQN65_RS05840,DQN65_RS05845,DQN65_RS05850,DQN65_RS05855
>OP_DQN65_RS10310,-,DQN65_RS10310,DQN65_RS10305,DQN65_RS10300
>OP_DQN65_RS02920,-,DQN65_RS02920,DQN65_RS02915,DQN65_RS02910
>OP_DQN65_RS10355,+,DQN65_RS10355,DQN65_RS10360
>OP_DQN65_RS11010,+,DQN65_RS11010,DQN65_RS11015
>OP_DQN65_RS00270,+,DQN65_RS00270,DQN65_RS00275
>OP_DQN65_RS01065,+,DQN65_RS01065,DQN65_RS01070,DQN65_RS01075
>OP_DQN65_RS04010,+,DQN65_RS04010,DQN65_RS04015,DQN65_RS04020
>OP_DQN65_RS00070,-,DQN65_RS00070,DQN65_RS00065
>OP_DQN65_RS04930,-,DQN65_RS04930,DQN65_RS04925
>OP_DQN65_RS07610,-,DQN65_RS07610,DQN65_RS07605,DQN65_RS07600,DQN65_RS07595,DQN65_RS07590,DQN65_RS07585,DQN65_RS07580
>OP_DQN65_RS04310,+,DQN65_RS04310,DQN65_RS04315,DQN65_RS04320
>OP_DQN65_RS06575,-,DQN65_RS06575,DQN65_RS06570,DQN65_RS06565,DQN65_RS06560,DQN65_RS06555,DQN65_RS06550,DQN65_RS06545
>OP_DQN65_RS00950,+,DQN65_RS00950,DQN65_RS00955
>OP_DQN65_RS04345,+,DQN65_RS04345,DQN65_RS04350,DQN65_RS04355,DQN65_RS04360,DQN65_RS04365,DQN65_RS04370,DQN65_RS04375,DQN65_RS04380,DQN65_RS04385
>OP_DQN65_RS06775,+,DQN65_RS06775,DQN65_RS06780
>OP_DQN65_RS08125,+,DQN65_RS08125,DQN65_RS08130
>OP_DQN65_RS04680,+,DQN65_RS04680,DQN65_RS04685,DQN65_RS04690,DQN65_RS04695,DQN65_RS04700
>OP_DQN65_RS00575,+,DQN65_RS00575,DQN65_RS00580,DQN65_RS00585
>OP_DQN65_RS09590,+,DQN65_RS09590,DQN65_RS09595
>OP_DQN65_RS09040,-,DQN65_RS09040,DQN65_RS09035,DQN65_RS09030
>OP_DQN65_RS05570,-,DQN65_RS05570,DQN65_RS05565,DQN65_RS05560,DQN65_RS05555
>OP_DQN65_RS09480,+,DQN65_RS09480,DQN65_RS09485
>OP_DQN65_RS06510,-,DQN65_RS06510,DQN65_RS06505
>OP_DQN65_RS08460,-,DQN65_RS08460,DQN65_RS08455,DQN65_RS08450
>OP_DQN65_RS10400,-,DQN65_RS10400,DQN65_RS10395
>OP_DQN65_RS06305,+,DQN65_RS06305,DQN65_RS06310
>OP_DQN65_RS06810,+,DQN65_RS06810,DQN65_RS06815,DQN65_RS06820,DQN65_RS06825,DQN65_RS06830,DQN65_RS06835
>OP_DQN65_RS03970,+,DQN65_RS03970,DQN65_RS03975,DQN65_RS03980,DQN65_RS03985,DQN65_RS03990,DQN65_RS03995,DQN65_RS04000,DQN65_RS04005
>OP_DQN65_RS06650,+,DQN65_RS06650,DQN65_RS06655,DQN65_RS06660,DQN65_RS06665
>OP_DQN65_RS02730,+,DQN65_RS02730,DQN65_RS02735,DQN65_RS02740
>OP_DQN65_RS12155,-,DQN65_RS12155,DQN65_RS12150,DQN65_RS12145,DQN65_RS12140,DQN65_RS12135,DQN65_RS12130,DQN65_RS12125
>OP_DQN65_RS01240,+,DQN65_RS01240,DQN65_RS01245
>OP_DQN65_RS03080,+,DQN65_RS03080,DQN65_RS03085
>OP_DQN65_RS11120,-,DQN65_RS11120,DQN65_RS11115
>OP_DQN65_RS06485,+,DQN65_RS06485,DQN65_RS06490,DQN65_RS06495
>OP_DQN65_RS10770,-,DQN65_RS10770,DQN65_RS10765,DQN65_RS10760,DQN65_RS10755
>OP_DQN65_RS07120,-,DQN65_RS07120,DQN65_RS07115,DQN65_RS07110,DQN65_RS07105,DQN65_RS07100
>OP_DQN65_RS07445,-,DQN65_RS07445,DQN65_RS07440
>OP_DQN65_RS12075,-,DQN65_RS12075,DQN65_RS12070,DQN65_RS12065,DQN65_RS12060
>OP_DQN65_RS03360,+,DQN65_RS03360,DQN65_RS03365
>OP_DQN65_RS05875,+,DQN65_RS05875,DQN65_RS05880,DQN65_RS05885
>OP_DQN65_RS06000,-,DQN65_RS06000,DQN65_RS05995
>OP_DQN65_RS01790,+,DQN65_RS01790,DQN65_RS01795,DQN65_RS01800,DQN65_RS01805
>OP_DQN65_RS10070,-,DQN65_RS10070,DQN65_RS10065
>OP_DQN65_RS09915,-,DQN65_RS09915,DQN65_RS09910,DQN65_RS09905
>OP_DQN65_RS09680,+,DQN65_RS09680,DQN65_RS09685
>OP_DQN65_RS09945,+,DQN65_RS09945,DQN65_RS09950,DQN65_RS09955
>OP_DQN65_RS10860,-,DQN65_RS10860,DQN65_RS10855,DQN65_RS10850,DQN65_RS10845,DQN65_RS10840,DQN65_RS10835,DQN65_RS10830
>OP_DQN65_RS03625,-,DQN65_RS03625,DQN65_RS03620
>OP_DQN65_RS03185,-,DQN65_RS03185,DQN65_RS03180
>OP_DQN65_RS10005,+,DQN65_RS10005,DQN65_RS10010
>OP_DQN65_RS00450,-,DQN65_RS00450,DQN65_RS00445,DQN65_RS00440,DQN65_RS00435,DQN65_RS00430,DQN65_RS00425
>OP_DQN65_RS06440,-,DQN65_RS06440,DQN65_RS06435,DQN65_RS06430,DQN65_RS06425
>OP_DQN65_RS06140,-,DQN65_RS06140,DQN65_RS06135,DQN65_RS06130
>OP_DQN65_RS07685,-,DQN65_RS07685,DQN65_RS07680,DQN65_RS07675,DQN65_RS07670
>OP_DQN65_RS00915,+,DQN65_RS00915,DQN65_RS00920
>OP_DQN65_RS02965,-,DQN65_RS02965,DQN65_RS02960,DQN65_RS02955
>OP_DQN65_RS11495,+,DQN65_RS11495,DQN65_RS11500
>OP_DQN65_RS09025,-,DQN65_RS09025,DQN65_RS09020,DQN65_RS09015,DQN65_RS09010,DQN65_RS09005
>OP_DQN65_RS04465,-,DQN65_RS04465,DQN65_RS04460,DQN65_RS04455,DQN65_RS04450,DQN65_RS04445,DQN65_RS04440
>OP_DQN65_RS01985,+,DQN65_RS01985,DQN65_RS01990
>OP_DQN65_RS06625,-,DQN65_RS06625,DQN65_RS06620,DQN65_RS06615
>OP_DQN65_RS08385,-,DQN65_RS08385,DQN65_RS08380
>OP_DQN65_RS02885,+,DQN65_RS02885,DQN65_RS02890,DQN65_RS02895,DQN65_RS02900,DQN65_RS02905
>OP_DQN65_RS10130,-,DQN65_RS10130,DQN65_RS10125
>OP_DQN65_RS01435,-,DQN65_RS01435,DQN65_RS01430,DQN65_RS01425,DQN65_RS01420
>OP_DQN65_RS11890,-,DQN65_RS11890,DQN65_RS11885
>OP_DQN65_RS10200,+,DQN65_RS10200,DQN65_RS10205,DQN65_RS10210
>OP_DQN65_RS04555,+,DQN65_RS04555,DQN65_RS04560
>OP_DQN65_RS00475,+,DQN65_RS00475,DQN65_RS00480
>OP_DQN65_RS10340,-,DQN65_RS10340,DQN65_RS10335,DQN65_RS10330
>OP_DQN65_RS06960,-,DQN65_RS06960,DQN65_RS06955,DQN65_RS06950,DQN65_RS06945
>OP_DQN65_RS03135,-,DQN65_RS03135,DQN65_RS03130
>OP_DQN65_RS04145,+,DQN65_RS04145,DQN65_RS04150
>OP_DQN65_RS02250,+,DQN65_RS02250,DQN65_RS02255
>OP_DQN65_RS01950,+,DQN65_RS01950,DQN65_RS01955,DQN65_RS01960
>OP_DQN65_RS04875,+,DQN65_RS04875,DQN65_RS04880,DQN65_RS04885
>OP_DQN65_RS11060,-,DQN65_RS11060,DQN65_RS11055
>OP_DQN65_RS01295,+,DQN65_RS01295,DQN65_RS01300
>OP_DQN65_RS03015,-,DQN65_RS03015,DQN65_RS03010,DQN65_RS03005,DQN65_RS03000,DQN65_RS02995,DQN65_RS02990
>OP_DQN65_RS01485,-,DQN65_RS01485,DQN65_RS01480,DQN65_RS01475,DQN65_RS01470,DQN65_RS01465,DQN65_RS01460
>OP_DQN65_RS11490,-,DQN65_RS11490,DQN65_RS11485,DQN65_RS11480,DQN65_RS11475,DQN65_RS11470,DQN65_RS11465,DQN65_RS11460
>OP_DQN65_RS01560,-,DQN65_RS01560,DQN65_RS01555
>OP_DQN65_RS05640,-,DQN65_RS05640,DQN65_RS05635
>OP_DQN65_RS06420,-,DQN65_RS06420,DQN65_RS06415,DQN65_RS06410
>OP_DQN65_RS03240,-,DQN65_RS03240,DQN65_RS03235
>OP_DQN65_RS05740,+,DQN65_RS05740,DQN65_RS05745
>OP_DQN65_RS10895,+,DQN65_RS10895,DQN65_RS10900,DQN65_RS10905,DQN65_RS10910,DQN65_RS10915
>OP_DQN65_RS04870,-,DQN65_RS04870,DQN65_RS04865
>OP_DQN65_RS04850,+,DQN65_RS04850,DQN65_RS04855,DQN65_RS04860
>OP_DQN65_RS04645,+,DQN65_RS04645,DQN65_RS04650
>OP_DQN65_RS11370,-,DQN65_RS11370,DQN65_RS11365,DQN65_RS11360,DQN65_RS11355,DQN65_RS11350,DQN65_RS11345,DQN65_RS11340
>OP_DQN65_RS01085,+,DQN65_RS01085,DQN65_RS01090,DQN65_RS01095
>OP_DQN65_RS03425,+,DQN65_RS03425,DQN65_RS03430
>OP_DQN65_RS09045,+,DQN65_RS09045,DQN65_RS09050
>OP_DQN65_RS02370,+,DQN65_RS02370,DQN65_RS02375,DQN65_RS02380,DQN65_RS02385
>OP_DQN65_RS02445,+,DQN65_RS02445,DQN65_RS02450,DQN65_RS02455
>OP_DQN65_RS08095,+,DQN65_RS08095,DQN65_RS08100
>OP_DQN65_RS08305,-,DQN65_RS08305,DQN65_RS08300
>OP_DQN65_RS08475,+,DQN65_RS08475,DQN65_RS08480,DQN65_RS08485
>OP_DQN65_RS10295,-,DQN65_RS10295,DQN65_RS10290,DQN65_RS10285,DQN65_RS10280
>OP_DQN65_RS05105,+,DQN65_RS05105,DQN65_RS05110,DQN65_RS05115,DQN65_RS05120,DQN65_RS05125
>OP_DQN65_RS03090,+,DQN65_RS03090,DQN65_RS03095,DQN65_RS03100,DQN65_RS03105
>OP_DQN65_RS11775,-,DQN65_RS11775,DQN65_RS11770,DQN65_RS11765,DQN65_RS11760
>OP_DQN65_RS12205,+,DQN65_RS12205,DQN65_RS12210
>OP_DQN65_RS01005,-,DQN65_RS01005,DQN65_RS01000,DQN65_RS00995,DQN65_RS00990,DQN65_RS00985
>OP_DQN65_RS11380,-,DQN65_RS11380,DQN65_RS11375
>OP_DQN65_RS01230,+,DQN65_RS01230,DQN65_RS01235
>OP_DQN65_RS04750,+,DQN65_RS04750,DQN65_RS04755,DQN65_RS04760
>OP_DQN65_RS05130,+,DQN65_RS05130,DQN65_RS05135
>OP_DQN65_RS12390,+,DQN65_RS12390,DQN65_RS12395
>OP_DQN65_RS02295,-,DQN65_RS02295,DQN65_RS02290
>OP_DQN65_RS06685,-,DQN65_RS06685,DQN65_RS06680,DQN65_RS06675,DQN65_RS06670
>OP_DQN65_RS11265,+,DQN65_RS11265,DQN65_RS11270,DQN65_RS11275
>OP_DQN65_RS01365,+,DQN65_RS01365,DQN65_RS01370
>OP_DQN65_RS02430,-,DQN65_RS02430,DQN65_RS02425
>OP_DQN65_RS01060,-,DQN65_RS01060,DQN65_RS01055,DQN65_RS01050
>OP_DQN65_RS10645,+,DQN65_RS10645,DQN65_RS10650,DQN65_RS10655
>OP_DQN65_RS04570,+,DQN65_RS04570,DQN65_RS04575
>OP_DQN65_RS05655,+,DQN65_RS05655,DQN65_RS05660
>OP_DQN65_RS10425,-,DQN65_RS10425,DQN65_RS10420
>OP_DQN65_RS06640,-,DQN65_RS06640,DQN65_RS06635,DQN65_RS06630
>OP_DQN65_RS11405,-,DQN65_RS11405,DQN65_RS11400,DQN65_RS11395,DQN65_RS11390,DQN65_RS11385
>OP_DQN65_RS11105,-,DQN65_RS11105,DQN65_RS11100,DQN65_RS11095
>OP_DQN65_RS03785,-,DQN65_RS03785,DQN65_RS03780,DQN65_RS03775,DQN65_RS03770,DQN65_RS03765
>OP_DQN65_RS06995,-,DQN65_RS06995,DQN65_RS06990,DQN65_RS06985
>OP_DQN65_RS05355,+,DQN65_RS05355,DQN65_RS05360,DQN65_RS05365,DQN65_RS05370
>OP_DQN65_RS03035,-,DQN65_RS03035,DQN65_RS03030
>OP_DQN65_RS03935,-,DQN65_RS03935,DQN65_RS03930,DQN65_RS03925
>OP_DQN65_RS02280,+,DQN65_RS02280,DQN65_RS02285
>OP_DQN65_RS03415,+,DQN65_RS03415,DQN65_RS03420
>OP_DQN65_RS07175,-,DQN65_RS07175,DQN65_RS07170,DQN65_RS07165,DQN65_RS07160,DQN65_RS07155
>OP_DQN65_RS07635,+,DQN65_RS07635,DQN65_RS07640,DQN65_RS07645
>OP_DQN65_RS06125,-,DQN65_RS06125,DQN65_RS06120
>OP_DQN65_RS03630,+,DQN65_RS03630,DQN65_RS03635,DQN65_RS03640
>OP_DQN65_RS07250,-,DQN65_RS07250,DQN65_RS07245,DQN65_RS07240
>OP_DQN65_RS08260,+,DQN65_RS08260,DQN65_RS08265
>OP_DQN65_RS07315,-,DQN65_RS07315,DQN65_RS07310
>OP_DQN65_RS07255,+,DQN65_RS07255,DQN65_RS07260,DQN65_RS07265
>OP_DQN65_RS07195,-,DQN65_RS07195,DQN65_RS07190,DQN65_RS07185
>OP_DQN65_RS04910,+,DQN65_RS04910,DQN65_RS04915
>OP_DQN65_RS01980,-,DQN65_RS01980,DQN65_RS01975
>OP_DQN65_RS05035,-,DQN65_RS05035,DQN65_RS05030
>OP_DQN65_RS03400,+,DQN65_RS03400,DQN65_RS03405,DQN65_RS03410
>OP_DQN65_RS02130,+,DQN65_RS02130,DQN65_RS02135
>OP_DQN65_RS03760,-,DQN65_RS03760,DQN65_RS03755
>OP_DQN65_RS00085,-,DQN65_RS00085,DQN65_RS00080
>OP_DQN65_RS04225,+,DQN65_RS04225,DQN65_RS04230,DQN65_RS04235,DQN65_RS04240
>OP_DQN65_RS12040,+,DQN65_RS12040,DQN65_RS12045
>OP_DQN65_RS07425,+,DQN65_RS07425,DQN65_RS07430
>OP_DQN65_RS11675,+,DQN65_RS11675,DQN65_RS11680,DQN65_RS11685
>OP_DQN65_RS02825,+,DQN65_RS02825,DQN65_RS02830,DQN65_RS02835,DQN65_RS02840,DQN65_RS02845
>OP_DQN65_RS09360,-,DQN65_RS09360,DQN65_RS09355
>OP_DQN65_RS02815,+,DQN65_RS02815,DQN65_RS02820
>OP_DQN65_RS08875,+,DQN65_RS08875,DQN65_RS08880
>OP_DQN65_RS01150,-,DQN65_RS01150,DQN65_RS01145,DQN65_RS01140,DQN65_RS01135
>OP_DQN65_RS02230,-,DQN65_RS02230,DQN65_RS02225
>OP_DQN65_RS02765,+,DQN65_RS02765,DQN65_RS02770,DQN65_RS02775
>OP_DQN65_RS03200,+,DQN65_RS03200,DQN65_RS03205
>OP_DQN65_RS01755,+,DQN65_RS01755,DQN65_RS01760,DQN65_RS01765,DQN65_RS01770
>OP_DQN65_RS09605,-,DQN65_RS09605,DQN65_RS09600
>OP_DQN65_RS08105,+,DQN65_RS08105,DQN65_RS08110,DQN65_RS08115,DQN65_RS08120
>OP_DQN65_RS09265,+,DQN65_RS09265,DQN65_RS09270,DQN65_RS09275
>OP_DQN65_RS08710,-,DQN65_RS08710,DQN65_RS08705
>OP_DQN65_RS12495,-,DQN65_RS12495,DQN65_RS12490
>OP_DQN65_RS12265,-,DQN65_RS12265,DQN65_RS12260,DQN65_RS12255
>OP_DQN65_RS08795,-,DQN65_RS08795,DQN65_RS08790,DQN65_RS08785
>OP_DQN65_RS10270,-,DQN65_RS10270,DQN65_RS10265
>OP_DQN65_RS05715,+,DQN65_RS05715,DQN65_RS05720,DQN65_RS05725,DQN65_RS05730,DQN65_RS05735
>OP_DQN65_RS01825,-,DQN65_RS01825,DQN65_RS01820,DQN65_RS01815,DQN65_RS01810
>OP_DQN65_RS04660,+,DQN65_RS04660,DQN65_RS04665
>OP_DQN65_RS02330,+,DQN65_RS02330,DQN65_RS02335,DQN65_RS02340
>OP_DQN65_RS00895,+,DQN65_RS00895,DQN65_RS00900
>OP_DQN65_RS00200,-,DQN65_RS00200,DQN65_RS00195,DQN65_RS00190,DQN65_RS00185,DQN65_RS00180,DQN65_RS00175
>OP_DQN65_RS11130,-,DQN65_RS11130,DQN65_RS11125
>OP_DQN65_RS09715,-,DQN65_RS09715,DQN65_RS09710,DQN65_RS09705,DQN65_RS09700
>OP_DQN65_RS09755,+,DQN65_RS09755,DQN65_RS09760
>OP_DQN65_RS01900,+,DQN65_RS01900,DQN65_RS01905
>OP_DQN65_RS12510,+,DQN65_RS12510,DQN65_RS12515
>OP_DQN65_RS05750,+,DQN65_RS05750,DQN65_RS05755,DQN65_RS05760,DQN65_RS05765,DQN65_RS05770
>OP_DQN65_RS05490,+,DQN65_RS05490,DQN65_RS05495,DQN65_RS05500,DQN65_RS05505
>OP_DQN65_RS11530,+,DQN65_RS11530,DQN65_RS11535,DQN65_RS11540
>OP_DQN65_RS06375,+,DQN65_RS06375,DQN65_RS06380
>OP_DQN65_RS12440,-,DQN65_RS12440,DQN65_RS12435
>OP_DQN65_RS01390,+,DQN65_RS01390,DQN65_RS01395,DQN65_RS01400,DQN65_RS01405
>OP_DQN65_RS04810,-,DQN65_RS04810,DQN65_RS04805,DQN65_RS04800
>OP_DQN65_RS05960,-,DQN65_RS05960,DQN65_RS05955
>OP_DQN65_RS07735,-,DQN65_RS07735,DQN65_RS07730
>OP_DQN65_RS12320,+,DQN65_RS12320,DQN65_RS12325
>OP_DQN65_RS04740,+,DQN65_RS04740,DQN65_RS04745
>OP_DQN65_RS01710,+,DQN65_RS01710,DQN65_RS01715
>OP_DQN65_RS11805,-,DQN65_RS11805,DQN65_RS11800
>OP_DQN65_RS06055,+,DQN65_RS06055,DQN65_RS06060
>OP_DQN65_RS07690,+,DQN65_RS07690,DQN65_RS07695,DQN65_RS07700
>OP_DQN65_RS12335,+,DQN65_RS12335,DQN65_RS12340,DQN65_RS12345,DQN65_RS12350,DQN65_RS12355,DQN65_RS12360,DQN65_RS12365
>OP_DQN65_RS05290,+,DQN65_RS05290,DQN65_RS05295
>OP_DQN65_RS08330,-,DQN65_RS08330,DQN65_RS08325
>OP_DQN65_RS03115,+,DQN65_RS03115,DQN65_RS03120,DQN65_RS03125
>OP_DQN65_RS05375,+,DQN65_RS05375,DQN65_RS05380,DQN65_RS05385,DQN65_RS05390,DQN65_RS05395
>OP_DQN65_RS09530,-,DQN65_RS09530,DQN65_RS09525
>OP_DQN65_RS04100,+,DQN65_RS04100,DQN65_RS04105,DQN65_RS04110,DQN65_RS04115
>OP_DQN65_RS12165,-,DQN65_RS12165,DQN65_RS12160
>OP_DQN65_RS08635,-,DQN65_RS08635,DQN65_RS08630
>OP_DQN65_RS09085,+,DQN65_RS09085,DQN65_RS09090
>OP_DQN65_RS05615,+,DQN65_RS05615,DQN65_RS05620
>OP_DQN65_RS07005,+,DQN65_RS07005,DQN65_RS07010,DQN65_RS07015
>OP_DQN65_RS00015,+,DQN65_RS00015,DQN65_RS00020,DQN65_RS00025,DQN65_RS00030,DQN65_RS00035,DQN65_RS00040,DQN65_RS00045,DQN65_RS00050
>OP_DQN65_RS00625,-,DQN65_RS00625,DQN65_RS00620,DQN65_RS00615,DQN65_RS00610
>OP_DQN65_RS02190,-,DQN65_RS02190,DQN65_RS02185
>OP_DQN65_RS08020,-,DQN65_RS08020,DQN65_RS08015,DQN65_RS08010
>OP_DQN65_RS01175,-,DQN65_RS01175,DQN65_RS01170
>OP_DQN65_RS02305,+,DQN65_RS02305,DQN65_RS02310,DQN65_RS02315,DQN65_RS02320,DQN65_RS02325
>OP_DQN65_RS06155,-,DQN65_RS06155,DQN65_RS06150
>OP_DQN65_RS03040,+,DQN65_RS03040,DQN65_RS03045
>OP_DQN65_RS05595,-,DQN65_RS05595,DQN65_RS05590
>OP_DQN65_RS11190,+,DQN65_RS11190,DQN65_RS11195,DQN65_RS11200
>OP_DQN65_RS03475,-,DQN65_RS03475,DQN65_RS03470,DQN65_RS03465
>OP_DQN65_RS00860,-,DQN65_RS00860,DQN65_RS00855
>OP_DQN65_RS11990,+,DQN65_RS11990,DQN65_RS11995
>OP_DQN65_RS04205,+,DQN65_RS04205,DQN65_RS04210,DQN65_RS04215,DQN65_RS04220
>OP_DQN65_RS02540,+,DQN65_RS02540,DQN65_RS02545
>OP_DQN65_RS11960,+,DQN65_RS11960,DQN65_RS11965,DQN65_RS11970,DQN65_RS11975
>OP_DQN65_RS04325,+,DQN65_RS04325,DQN65_RS04330,DQN65_RS04335
>OP_DQN65_RS11220,-,DQN65_RS11220,DQN65_RS11215,DQN65_RS11210,DQN65_RS11205
>OP_DQN65_RS11565,-,DQN65_RS11565,DQN65_RS11560,DQN65_RS11555,DQN65_RS11550,DQN65_RS11545
>OP_DQN65_RS10110,+,DQN65_RS10110,DQN65_RS10115,DQN65_RS10120
>OP_DQN65_RS09810,+,DQN65_RS09810,DQN65_RS09815,DQN65_RS09820,DQN65_RS09825
>OP_DQN65_RS09875,+,DQN65_RS09875,DQN65_RS09880
>OP_DQN65_RS05430,+,DQN65_RS05430,DQN65_RS05435,DQN65_RS05440
>OP_DQN65_RS00120,+,DQN65_RS00120,DQN65_RS00125,DQN65_RS00130,DQN65_RS00135
>OP_DQN65_RS06860,-,DQN65_RS06860,DQN65_RS06855,DQN65_RS06850
>OP_DQN65_RS03355,-,DQN65_RS03355,DQN65_RS03350
>OP_DQN65_RS00145,-,DQN65_RS00145,DQN65_RS00140
>OP_DQN65_RS08950,-,DQN65_RS08950,DQN65_RS08945
>OP_DQN65_RS07270,+,DQN65_RS07270,DQN65_RS07275
>OP_DQN65_RS07850,+,DQN65_RS07850,DQN65_RS07855
>OP_DQN65_RS06215,-,DQN65_RS06215,DQN65_RS06210,DQN65_RS06205,DQN65_RS06200
>OP_DQN65_RS11650,-,DQN65_RS11650,DQN65_RS11645
>OP_DQN65_RS02055,+,DQN65_RS02055,DQN65_RS02060
>OP_DQN65_RS01920,+,DQN65_RS01920,DQN65_RS01925
>OP_DQN65_RS06260,-,DQN65_RS06260,DQN65_RS06255,DQN65_RS06250
>OP_DQN65_RS08280,-,DQN65_RS08280,DQN65_RS08275
>OP_DQN65_RS12370,+,DQN65_RS12370,DQN65_RS12375,DQN65_RS12380,DQN65_RS12385
>OP_DQN65_RS00205,+,DQN65_RS00205,DQN65_RS00210,DQN65_RS00215
>OP_DQN65_RS08720,+,DQN65_RS08720,DQN65_RS08725
>OP_DQN65_RS01870,-,DQN65_RS01870,DQN65_RS01865
>OP_DQN65_RS06065,+,DQN65_RS06065,DQN65_RS06070
>OP_DQN65_RS04190,+,DQN65_RS04190,DQN65_RS04195
>OP_DQN65_RS12455,+,DQN65_RS12455,DQN65_RS12460,DQN65_RS12465
>OP_DQN65_RS01445,+,DQN65_RS01445,DQN65_RS01450
>OP_DQN65_RS10630,+,DQN65_RS10630,DQN65_RS10635,DQN65_RS10640
>OP_DQN65_RS07795,-,DQN65_RS07795,DQN65_RS07790
>OP_DQN65_RS11755,-,DQN65_RS11755,DQN65_RS11750,DQN65_RS11745
>OP_DQN65_RS02870,+,DQN65_RS02870,DQN65_RS02875,DQN65_RS02880
>OP_DQN65_RS12110,-,DQN65_RS12110,DQN65_RS12105
>OP_DQN65_RS02855,+,DQN65_RS02855,DQN65_RS02860,DQN65_RS02865
>OP_DQN65_RS09660,+,DQN65_RS09660,DQN65_RS09665,DQN65_RS09670,DQN65_RS09675
>OP_DQN65_RS07960,-,DQN65_RS07960,DQN65_RS07955,DQN65_RS07950
>OP_DQN65_RS10685,-,DQN65_RS10685,DQN65_RS10680
>OP_DQN65_RS03840,+,DQN65_RS03840,DQN65_RS03845
>OP_DQN65_RS01915,-,DQN65_RS01915,DQN65_RS01910
>OP_DQN65_RS06245,-,DQN65_RS06245,DQN65_RS06240
>OP_DQN65_RS11715,-,DQN65_RS11715,DQN65_RS11710
>OP_DQN65_RS00845,+,DQN65_RS00845,DQN65_RS00850
>OP_DQN65_RS12245,-,DQN65_RS12245,DQN65_RS12240
>OP_DQN65_RS01780,+,DQN65_RS01780,DQN65_RS01785
>OP_DQN65_RS08250,-,DQN65_RS08250,DQN65_RS08245,DQN65_RS08240
>OP_DQN65_RS08745,+,DQN65_RS08745,DQN65_RS08750,DQN65_RS08755,DQN65_RS08760
>OP_DQN65_RS06590,-,DQN65_RS06590,DQN65_RS06585
>OP_DQN65_RS12220,-,DQN65_RS12220,DQN65_RS12215
>OP_DQN65_RS01885,+,DQN65_RS01885,DQN65_RS01890
>OP_DQN65_RS00505,-,DQN65_RS00505,DQN65_RS00500,DQN65_RS00495
>OP_DQN65_RS03335,-,DQN65_RS03335,DQN65_RS03330
>OP_DQN65_RS11825,-,DQN65_RS11825,DQN65_RS11820
>OP_DQN65_RS03855,+,DQN65_RS03855,DQN65_RS03860,DQN65_RS03865
>OP_DQN65_RS02175,+,DQN65_RS02175,DQN65_RS02180
>OP_DQN65_RS05075,+,DQN65_RS05075,DQN65_RS05080
>OP_DQN65_RS06895,+,DQN65_RS06895,DQN65_RS06900,DQN65_RS06905
>OP_DQN65_RS12235,-,DQN65_RS12235,DQN65_RS12230
>OP_DQN65_RS00320,+,DQN65_RS00320,DQN65_RS00325
>OP_DQN65_RS03505,+,DQN65_RS03505,DQN65_RS03510
>OP_DQN65_RS12285,-,DQN65_RS12285,DQN65_RS12280
>OP_DQN65_RS09245,+,DQN65_RS09245,DQN65_RS09250,DQN65_RS09255
>OP_DQN65_RS00115,-,DQN65_RS00115,DQN65_RS00110,DQN65_RS00105
>OP_DQN65_RS10475,-,DQN65_RS10475,DQN65_RS10470,DQN65_RS10465,DQN65_RS10460
>OP_DQN65_RS07290,+,DQN65_RS07290,DQN65_RS07295,DQN65_RS07300
>OP_DQN65_RS10235,-,DQN65_RS10235,DQN65_RS10230
>OP_DQN65_RS01155,+,DQN65_RS01155,DQN65_RS01160,DQN65_RS01165
>OP_DQN65_RS04410,+,DQN65_RS04410,DQN65_RS04415,DQN65_RS04420,DQN65_RS04425
>OP_DQN65_RS05420,-,DQN65_RS05420,DQN65_RS05415
>OP_DQN65_RS09750,-,DQN65_RS09750,DQN65_RS09745
>OP_DQN65_RS02780,+,DQN65_RS02780,DQN65_RS02785,DQN65_RS02790
>OP_DQN65_RS10405,+,DQN65_RS10405,DQN65_RS10410
>OP_DQN65_RS06870,-,DQN65_RS06870,DQN65_RS06865
>OP_DQN65_RS01565,+,DQN65_RS01565,DQN65_RS01570,DQN65_RS01575
>OP_DQN65_RS00380,+,DQN65_RS00380,DQN65_RS00385,DQN65_RS00390,DQN65_RS00395,DQN65_RS00400,DQN65_RS00405
>OP_DQN65_RS05860,+,DQN65_RS05860,DQN65_RS05865,DQN65_RS05870
>OP_DQN65_RS08060,-,DQN65_RS08060,DQN65_RS08055,DQN65_RS08050
>OP_DQN65_RS08360,-,DQN65_RS08360,DQN65_RS08355
>OP_DQN65_RS02675,-,DQN65_RS02675,DQN65_RS02670,DQN65_RS02665
>OP_DQN65_RS03150,+,DQN65_RS03150,DQN65_RS03155,DQN65_RS03160
>OP_DQN65_RS05665,+,DQN65_RS05665,DQN65_RS05670
>OP_DQN65_RS04895,-,DQN65_RS04895,DQN65_RS04890
>OP_DQN65_RS01385,-,DQN65_RS01385,DQN65_RS01380,DQN65_RS01375
>OP_DQN65_RS08080,+,DQN65_RS08080,DQN65_RS08085
>OP_DQN65_RS07020,+,DQN65_RS07020,DQN65_RS07025,DQN65_RS07030
>OP_DQN65_RS08600,-,DQN65_RS08600,DQN65_RS08595
>OP_DQN65_RS00340,+,DQN65_RS00340,DQN65_RS00345
>OP_DQN65_RS02725,-,DQN65_RS02725,DQN65_RS02720
>OP_DQN65_RS03685,+,DQN65_RS03685,DQN65_RS03690
>OP_DQN65_RS00925,+,DQN65_RS00925,DQN65_RS00930,DQN65_RS00935,DQN65_RS00940
>OP_DQN65_RS07815,+,DQN65_RS07815,DQN65_RS07820,DQN65_RS07825,DQN65_RS07830,DQN65_RS07835,DQN65_RS07840
>OP_DQN65_RS06890,-,DQN65_RS06890,DQN65_RS06885
>OP_DQN65_RS05810,+,DQN65_RS05810,DQN65_RS05815
>OP_DQN65_RS03325,-,DQN65_RS03325,DQN65_RS03320,DQN65_RS03315,DQN65_RS03310
>OP_DQN65_RS09995,-,DQN65_RS09995,DQN65_RS09990
>OP_DQN65_RS11735,-,DQN65_RS11735,DQN65_RS11730
>OP_DQN65_RS00535,-,DQN65_RS00535,DQN65_RS00530
>OP_DQN65_RS07725,-,DQN65_RS07725,DQN65_RS07720
>OP_DQN65_RS07760,-,DQN65_RS07760,DQN65_RS07755,DQN65_RS07750
>OP_DQN65_RS05210,-,DQN65_RS05210,DQN65_RS05205
>OP_DQN65_RS09280,+,DQN65_RS09280,DQN65_RS09285
>OP_DQN65_RS06110,-,DQN65_RS06110,DQN65_RS06105
>OP_DQN65_RS07570,+,DQN65_RS07570,DQN65_RS07575
>OP_DQN65_RS01015,+,DQN65_RS01015,DQN65_RS01020
>OP_DQN65_RS08580,+,DQN65_RS08580,DQN65_RS08585
>OP_DQN65_RS04180,-,DQN65_RS04180,DQN65_RS04175
>OP_DQN65_RS11255,+,DQN65_RS11255,DQN65_RS11260
>OP_DQN65_RS12025,+,DQN65_RS12025,DQN65_RS12030
>OP_DQN65_RS06285,-,DQN65_RS06285,DQN65_RS06280
>OP_DQN65_RS10050,-,DQN65_RS10050,DQN65_RS10045,DQN65_RS10040
>OP_DQN65_RS07285,-,DQN65_RS07285,DQN65_RS07280
>OP_DQN65_RS03595,-,DQN65_RS03595,DQN65_RS03590
>OP_DQN65_RS12310,-,DQN65_RS12310,DQN65_RS12305
>OP_DQN65_RS11045,-,DQN65_RS11045,DQN65_RS11040,DQN65_RS11035,DQN65_RS11030,DQN65_RS11025
>OP_DQN65_RS02970,+,DQN65_RS02970,DQN65_RS02975
>OP_DQN65_RS10480,+,DQN65_RS10480,DQN65_RS10485
>OP_DQN65_RS09510,-,DQN65_RS09510,DQN65_RS09505,DQN65_RS09500
>OP_DQN65_RS08500,+,DQN65_RS08500,DQN65_RS08505
>OP_DQN65_RS09070,-,DQN65_RS09070,DQN65_RS09065
>OP_DQN65_RS03280,-,DQN65_RS03280,DQN65_RS03275
>OP_DQN65_RS03705,+,DQN65_RS03705,DQN65_RS03710
>OP_DQN65_RS02565,-,DQN65_RS02565,DQN65_RS02560
>OP_DQN65_RS07875,+,DQN65_RS07875,DQN65_RS07880
>OP_DQN65_RS09575,+,DQN65_RS09575,DQN65_RS09580,DQN65_RS09585
>OP_DQN65_RS00510,+,DQN65_RS00510,DQN65_RS00515
>OP_DQN65_RS06720,-,DQN65_RS06720,DQN65_RS06715
>OP_DQN65_RS11900,-,DQN65_RS11900,DQN65_RS11895
>OP_DQN65_RS05460,-,DQN65_RS05460,DQN65_RS05455,DQN65_RS05450
>OP_DQN65_RS11410,+,DQN65_RS11410,DQN65_RS11415
>OP_DQN65_RS07665,-,DQN65_RS07665,DQN65_RS07660,DQN65_RS07655
>OP_DQN65_RS06090,-,DQN65_RS06090,DQN65_RS06085
>OP_DQN65_RS01410,+,DQN65_RS01410,DQN65_RS01415
>OP_DQN65_RS05480,+,DQN65_RS05480,DQN65_RS05485
>OP_DQN65_RS10550,-,DQN65_RS10550,DQN65_RS10545,DQN65_RS10540
>OP_DQN65_RS08840,-,DQN65_RS08840,DQN65_RS08835
>OP_DQN65_RS02000,+,DQN65_RS02000,DQN65_RS02005,DQN65_RS02010
>OP_DQN65_RS11910,+,DQN65_RS11910,DQN65_RS11915
>OP_DQN65_RS10180,-,DQN65_RS10180,DQN65_RS10175
>OP_DQN65_RS02945,-,DQN65_RS02945,DQN65_RS02940
>OP_DQN65_RS08860,+,DQN65_RS08860,DQN65_RS08865
>OP_DQN65_RS04155,+,DQN65_RS04155,DQN65_RS04160
>OP_DQN65_RS00235,+,DQN65_RS00235,DQN65_RS00240,DQN65_RS00245
>OP_DQN65_RS03225,-,DQN65_RS03225,DQN65_RS03220
>OP_DQN65_RS06610,-,DQN65_RS06610,DQN65_RS06605,DQN65_RS06600
>OP_DQN65_RS08390,+,DQN65_RS08390,DQN65_RS08395,DQN65_RS08400,DQN65_RS08405
>OP_DQN65_RS11845,-,DQN65_RS11845,DQN65_RS11840,DQN65_RS11835
>OP_DQN65_RS00885,+,DQN65_RS00885,DQN65_RS00890
>OP_DQN65_RS06540,-,DQN65_RS06540,DQN65_RS06535
>OP_DQN65_RS01740,+,DQN65_RS01740,DQN65_RS01745
>OP_DQN65_RS10960,-,DQN65_RS10960,DQN65_RS10955,DQN65_RS10950,DQN65_RS10945,DQN65_RS10940
>OP_DQN65_RS06445,+,DQN65_RS06445,DQN65_RS06450
>OP_DQN65_RS03025,-,DQN65_RS03025,DQN65_RS03020
>OP_DQN65_RS03575,+,DQN65_RS03575,DQN65_RS03580
>OP_DQN65_RS12000,+,DQN65_RS12000,DQN65_RS12005
>OP_DQN65_RS09180,-,DQN65_RS09180,DQN65_RS09175
>OP_DQN65_RS07235,-,DQN65_RS07235,DQN65_RS07230,DQN65_RS07225
>OP_DQN65_RS10195,-,DQN65_RS10195,DQN65_RS10190
>OP_DQN65_RS11240,-,DQN65_RS11240,DQN65_RS11235,DQN65_RS11230,DQN65_RS11225
>OP_DQN65_RS07035,+,DQN65_RS07035,DQN65_RS07040,DQN65_RS07045
>OP_DQN65_RS09455,-,DQN65_RS09455,DQN65_RS09450
>OP_DQN65_RS10740,-,DQN65_RS10740,DQN65_RS10735
>OP_DQN65_RS05695,+,DQN65_RS05695,DQN65_RS05700
>OP_DQN65_RS04625,-,DQN65_RS04625,DQN65_RS04620
>OP_DQN65_RS09985,-,DQN65_RS09985,DQN65_RS09980
>OP_DQN65_RS11325,-,DQN65_RS11325,DQN65_RS11320
>OP_DQN65_RS00155,-,DQN65_RS00155,DQN65_RS00150
>OP_DQN65_RS11430,+,DQN65_RS11430,DQN65_RS11435
>OP_DQN65_RS00970,+,DQN65_RS00970,DQN65_RS00975
>OP_DQN65_RS01685,-,DQN65_RS01685,DQN65_RS01680
>OP_DQN65_RS02760,-,DQN65_RS02760,DQN65_RS02755
>OP_DQN65_RS00285,+,DQN65_RS00285,DQN65_RS00290
>OP_DQN65_RS03145,-,DQN65_RS03145,DQN65_RS03140
>OP_DQN65_RS06330,-,DQN65_RS06330,DQN65_RS06325
>OP_DQN65_RS02170,-,DQN65_RS02170,DQN65_RS02165
>OP_DQN65_RS12115,+,DQN65_RS12115,DQN65_RS12120
>OP_DQN65_RS00740,+,DQN65_RS00740,DQN65_RS00745
>OP_DQN65_RS04610,-,DQN65_RS04610,DQN65_RS04605
>OP_DQN65_RS06925,-,DQN65_RS06925,DQN65_RS06920
>OP_DQN65_RS10030,-,DQN65_RS10030,DQN65_RS10025
>OP_DQN65_RS04710,+,DQN65_RS04710,DQN65_RS04715
>OP_DQN65_RS01185,+,DQN65_RS01185,DQN65_RS01190,DQN65_RS01195
>OP_DQN65_RS10525,+,DQN65_RS10525,DQN65_RS10530
>OP_DQN65_RS07975,+,DQN65_RS07975,DQN65_RS07980
>OP_DQN65_RS09410,-,DQN65_RS09410,DQN65_RS09405
>OP_DQN65_RS00295,+,DQN65_RS00295,DQN65_RS00300
>OP_DQN65_RS08620,+,DQN65_RS08620,DQN65_RS08625
>OP_DQN65_RS09160,-,DQN65_RS09160,DQN65_RS09155
>OP_DQN65_RS04055,-,DQN65_RS04055,DQN65_RS04050
>OP_DQN65_RS09460,+,DQN65_RS09460,DQN65_RS09465
>OP_DQN65_RS04820,+,DQN65_RS04820,DQN65_RS04825
>OP_DQN65_RS10155,+,DQN65_RS10155,DQN65_RS10160
>OP_DQN65_RS00560,-,DQN65_RS00560,DQN65_RS00555
>OP_DQN65_RS05545,+,DQN65_RS05545,DQN65_RS05550
>OP_DQN65_RS08170,+,DQN65_RS08170,DQN65_RS08175
>OP_DQN65_RS10380,-,DQN65_RS10380,DQN65_RS10375
>OP_DQN65_RS09690,+,DQN65_RS09690,DQN65_RS09695
>OP_DQN65_RS00840,-,DQN65_RS00840,DQN65_RS00835
>OP_DQN65_RS03170,+,DQN65_RS03170,DQN65_RS03175
>OP_DQN65_RS03955,+,DQN65_RS03955,DQN65_RS03960
>OP_DQN65_RS04600,-,DQN65_RS04600,DQN65_RS04595
>OP_DQN65_RS09145,-,DQN65_RS09145,DQN65_RS09140
>OP_DQN65_RS11880,-,DQN65_RS11880,DQN65_RS11875
>OP_DQN65_RS12170,+,DQN65_RS12170,DQN65_RS12175
>OP_DQN65_RS09780,-,DQN65_RS09780,DQN65_RS09775
>OP_DQN65_RS03445,-,DQN65_RS03445,DQN65_RS03440
>OP_DQN65_RS07335,+,DQN65_RS07335,DQN65_RS07340,DQN65_RS07345
>OP_DQN65_RS04780,+,DQN65_RS04780,DQN65_RS04785,DQN65_RS04790
>OP_DQN65_RS01525,-,DQN65_RS01525,DQN65_RS01520
>OP_DQN65_RS06745,-,DQN65_RS06745,DQN65_RS06740
>OP_DQN65_RS03895,+,DQN65_RS03895,DQN65_RS03900
>OP_DQN65_RS07325,-,DQN65_RS07325,DQN65_RS07320
>OP_DQN65_RS00315,-,DQN65_RS00315,DQN65_RS00310
>OP_DQN65_RS04975,+,DQN65_RS04975,DQN65_RS04980
>OP_DQN65_RS07615,+,DQN65_RS07615,DQN65_RS07620
>OP_DQN65_RS08535,-,DQN65_RS08535,DQN65_RS08530,DQN65_RS08525
>OP_DQN65_RS08310,+,DQN65_RS08310,DQN65_RS08315
>OP_DQN65_RS09895,+,DQN65_RS09895,DQN65_RS09900
>OP_DQN65_RS10100,+,DQN65_RS10100,DQN65_RS10105
>OP_DQN65_RS05150,-,DQN65_RS05150,DQN65_RS05145
>OP_DQN65_RS10135,+,DQN65_RS10135,DQN65_RS10140
>OP_DQN65_RS10055,+,DQN65_RS10055,DQN65_RS10060
>OP_DQN65_RS12270,+,DQN65_RS12270,DQN65_RS12275
>OP_DQN65_RS00645,+,DQN65_RS00645,DQN65_RS00650,DQN65_RS00655
>OP_DQN65_RS07460,-,DQN65_RS07460,DQN65_RS07455
>OP_DQN65_RS06975,-,DQN65_RS06975,DQN65_RS06970
>OP_DQN65_RS00595,+,DQN65_RS00595,DQN65_RS00600
>OP_DQN65_RS03675,+,DQN65_RS03675,DQN65_RS03680
>OP_DQN65_RS03075,-,DQN65_RS03075,DQN65_RS03070
>OP_DQN65_RS04900,+,DQN65_RS04900,DQN65_RS04905
>OP_DQN65_RS05015,-,DQN65_RS05015,DQN65_RS05010
>OP_DQN65_RS08375,-,DQN65_RS08375,DQN65_RS08370
